"Time","Fase A"
2025-05-01 00:00:00,1.88
2025-05-01 00:15:00,1.52
2025-05-01 00:30:00,1.32
2025-05-01 00:45:00,1.40
2025-05-01 01:00:00,0.0600
2025-05-01 01:15:00,-0.043
2025-05-01 01:30:00,-0.00088
2025-05-01 01:45:00,0.731
2025-05-01 02:00:00,1.73
2025-05-01 02:15:00,1.70
2025-05-01 02:30:00,1.89
2025-05-01 02:45:00,0.280
2025-05-01 03:00:00,-0.064
2025-05-01 03:15:00,-0.15
2025-05-01 03:30:00,-0.100
2025-05-01 03:45:00,-0.060
2025-05-01 04:00:00,0.0302
2025-05-01 04:15:00,-0.019
2025-05-01 04:30:00,-0.11
2025-05-01 04:45:00,1.53
2025-05-01 05:00:00,1.83
2025-05-01 05:15:00,0.0600
2025-05-01 05:30:00,0.00173
2025-05-01 05:45:00,-0.11
2025-05-01 06:00:00,-0.15
2025-05-01 06:15:00,-0.072
2025-05-01 06:30:00,0.0591
2025-05-01 06:45:00,-0.13
2025-05-01 07:00:00,-0.034
2025-05-01 07:15:00,0.0749
2025-05-01 07:30:00,0.173
2025-05-01 07:45:00,1.45
2025-05-01 08:00:00,2.02
2025-05-01 08:15:00,0.734
2025-05-01 08:30:00,0.0437
2025-05-01 08:45:00,0.857
2025-05-01 09:00:00,0.218
2025-05-01 09:15:00,0.122
2025-05-01 09:30:00,0.0611
2025-05-01 09:45:00,0.0586
2025-05-01 10:00:00,0.221
2025-05-01 10:15:00,0.218
2025-05-01 10:30:00,0.142
2025-05-01 10:45:00,0.0661
2025-05-01 11:00:00,1.96
2025-05-01 11:15:00,1.52
2025-05-01 11:30:00,1.08
2025-05-01 11:45:00,0.199
2025-05-01 12:00:00,0.0580
2025-05-01 12:15:00,0.0758
2025-05-01 12:30:00,2.11
2025-05-01 12:45:00,2.00
2025-05-01 13:00:00,0.245
2025-05-01 13:15:00,0.155
2025-05-01 13:30:00,0.0562
2025-05-01 13:45:00,0.0463
2025-05-01 14:00:00,0.306
2025-05-01 14:15:00,0.328
2025-05-01 14:30:00,0.259
2025-05-01 14:45:00,0.218
2025-05-01 15:00:00,0.102
2025-05-01 15:15:00,0.0865
2025-05-01 15:30:00,0.0587
2025-05-01 15:45:00,0.00714
2025-05-01 16:00:00,0.0322
2025-05-01 16:15:00,0.0190
2025-05-01 16:30:00,0.0327
2025-05-01 16:45:00,-0.016
2025-05-01 17:00:00,-0.17
2025-05-01 17:15:00,0.0824
2025-05-01 17:30:00,0.139
2025-05-01 17:45:00,0.239
2025-05-01 18:00:00,1.84
2025-05-01 18:15:00,1.94
2025-05-01 18:30:00,1.88
2025-05-01 18:45:00,1.83
2025-05-01 19:00:00,1.13
2025-05-01 19:15:00,1.28
2025-05-01 19:30:00,1.48
2025-05-01 19:45:00,1.73
2025-05-01 20:00:00,0.252
2025-05-01 20:15:00,0.0308
2025-05-01 20:30:00,0.00574
2025-05-01 20:45:00,-0.15
2025-05-01 21:00:00,-0.12
2025-05-01 21:15:00,0.164
2025-05-01 21:30:00,1.97
2025-05-01 21:45:00,1.96
2025-05-01 22:00:00,0.512
2025-05-01 22:15:00,-0.023
2025-05-01 22:30:00,-0.15
2025-05-01 22:45:00,-0.12
2025-05-01 23:00:00,-0.00022
2025-05-01 23:15:00,0.0306
2025-05-01 23:30:00,0.0294
2025-05-01 23:45:00,-0.12
2025-05-02 00:00:00,-0.11
2025-05-02 00:15:00,-0.013
2025-05-02 00:30:00,0.195
2025-05-02 00:45:00,1.97
2025-05-02 01:00:00,1.47
2025-05-02 01:15:00,0.00240
2025-05-02 01:30:00,-0.13
2025-05-02 01:45:00,-0.16
2025-05-02 02:00:00,-0.066
2025-05-02 02:15:00,0.0250
2025-05-02 02:30:00,0.0400
2025-05-02 02:45:00,-0.13
2025-05-02 03:00:00,-0.14
2025-05-02 03:15:00,-0.0093
2025-05-02 03:30:00,0.0362
2025-05-02 03:45:00,0.0300
2025-05-02 04:00:00,-0.032
2025-05-02 04:15:00,0.290
2025-05-02 04:30:00,1.63
2025-05-02 04:45:00,1.60
2025-05-02 05:00:00,1.35
2025-05-02 05:15:00,-0.052
2025-05-02 05:30:00,-0.17
2025-05-02 05:45:00,0.00358
2025-05-02 06:00:00,0.121
2025-05-02 06:15:00,0.0611
2025-05-02 06:30:00,0.0667
2025-05-02 06:45:00,-0.13
2025-05-02 07:00:00,-0.20
2025-05-02 07:15:00,0.162
2025-05-02 07:30:00,0.265
2025-05-02 07:45:00,0.351
2025-05-02 08:00:00,2.08
2025-05-02 08:15:00,1.48
2025-05-02 08:30:00,0.394
2025-05-02 08:45:00,0.212
2025-05-02 09:00:00,0.230
2025-05-02 09:15:00,0.225
2025-05-02 09:30:00,0.584
2025-05-02 09:45:00,0.219
2025-05-02 10:00:00,0.223
2025-05-02 10:15:00,0.210
2025-05-02 10:30:00,0.224
2025-05-02 10:45:00,0.293
2025-05-02 11:00:00,2.07
2025-05-02 11:15:00,2.08
2025-05-02 11:30:00,0.400
2025-05-02 11:45:00,0.230
2025-05-02 12:00:00,0.219
2025-05-02 12:15:00,0.262
2025-05-02 12:30:00,0.267
2025-05-02 12:45:00,0.270
2025-05-02 13:00:00,3.61
2025-05-02 13:15:00,5.22
2025-05-02 13:30:00,4.76
2025-05-02 13:45:00,4.30
2025-05-02 14:00:00,3.36
2025-05-02 14:15:00,3.25
2025-05-02 14:30:00,3.03
2025-05-02 14:45:00,3.02
2025-05-02 15:00:00,3.01
2025-05-02 15:15:00,3.07
2025-05-02 15:30:00,0.558
2025-05-02 15:45:00,-0.16
2025-05-02 16:00:00,0.646
2025-05-02 16:15:00,1.85
2025-05-02 16:30:00,1.21
2025-05-02 16:45:00,0.385
2025-05-02 17:00:00,0.384
2025-05-02 17:15:00,0.423
2025-05-02 17:30:00,0.436
2025-05-02 17:45:00,2.07
2025-05-02 18:00:00,3.18
2025-05-02 18:15:00,1.50
2025-05-02 18:30:00,1.37
2025-05-02 18:45:00,1.36
2025-05-02 19:00:00,1.20
2025-05-02 19:15:00,0.0681
2025-05-02 19:30:00,0.0763
2025-05-02 19:45:00,0.0185
2025-05-02 20:00:00,0.0533
2025-05-02 20:15:00,0.0933
2025-05-02 20:30:00,1.12
2025-05-02 20:45:00,1.95
2025-05-02 21:00:00,0.359
2025-05-02 21:15:00,0.0623
2025-05-02 21:30:00,0.0567
2025-05-02 21:45:00,0.0267
2025-05-02 22:00:00,0.0526
2025-05-02 22:15:00,0.0735
2025-05-02 22:30:00,1.64
2025-05-02 22:45:00,1.92
2025-05-02 23:00:00,0.252
2025-05-02 23:15:00,0.0682
2025-05-02 23:30:00,0.0476
2025-05-02 23:45:00,0.0297
2025-05-03 00:00:00,0.0616
2025-05-03 00:15:00,0.0632
2025-05-03 00:30:00,0.0556
2025-05-03 00:45:00,0.0228
2025-05-03 01:00:00,0.0500
2025-05-03 01:15:00,0.0736
2025-05-03 01:30:00,0.0179
2025-05-03 01:45:00,0.0300
2025-05-03 02:00:00,1.96
2025-05-03 02:15:00,1.47
2025-05-03 02:30:00,0.0300
2025-05-03 02:45:00,0.0339
2025-05-03 03:00:00,0.0680
2025-05-03 03:15:00,0.0728
2025-05-03 03:30:00,0.0232
2025-05-03 03:45:00,0.0344
2025-05-03 04:00:00,0.0652
2025-05-03 04:15:00,0.0768
2025-05-03 04:30:00,0.0292
2025-05-03 04:45:00,0.0397
2025-05-03 05:00:00,0.0729
2025-05-03 05:15:00,0.0708
2025-05-03 05:30:00,0.0405
2025-05-03 05:45:00,1.21
2025-05-03 06:00:00,1.97
2025-05-03 06:15:00,0.419
2025-05-03 06:30:00,0.0266
2025-05-03 06:45:00,0.0573
2025-05-03 07:00:00,0.0903
2025-05-03 07:15:00,0.195
2025-05-03 07:30:00,0.194
2025-05-03 07:45:00,2.37
2025-05-03 08:00:00,3.24
2025-05-03 08:15:00,3.24
2025-05-03 08:30:00,3.17
2025-05-03 08:45:00,3.22
2025-05-03 09:00:00,8.04
2025-05-03 09:15:00,9.26
2025-05-03 09:30:00,10.3
2025-05-03 09:45:00,10.3
2025-05-03 10:00:00,9.39
2025-05-03 10:15:00,8.50
2025-05-03 10:30:00,8.54
2025-05-03 10:45:00,8.49
2025-05-03 11:00:00,8.52
2025-05-03 11:15:00,8.17
2025-05-03 11:30:00,8.05
2025-05-03 11:45:00,7.99
2025-05-03 12:00:00,6.16
2025-05-03 12:15:00,4.36
2025-05-03 12:30:00,4.60
2025-05-03 12:45:00,3.00
2025-05-03 13:00:00,2.76
2025-05-03 13:15:00,2.74
2025-05-03 13:30:00,2.79
2025-05-03 13:45:00,3.14
2025-05-03 14:00:00,3.18
2025-05-03 14:15:00,4.69
2025-05-03 14:30:00,4.99
2025-05-03 14:45:00,4.31
2025-05-03 15:00:00,3.13
2025-05-03 15:15:00,3.07
2025-05-03 15:30:00,2.84
2025-05-03 15:45:00,2.80
2025-05-03 16:00:00,2.76
2025-05-03 16:15:00,2.83
2025-05-03 16:30:00,3.14
2025-05-03 16:45:00,4.10
2025-05-03 17:00:00,1.77
2025-05-03 17:15:00,1.71
2025-05-03 17:30:00,0.203
2025-05-03 17:45:00,0.222
2025-05-03 18:00:00,0.323
2025-05-03 18:15:00,0.206
2025-05-03 18:30:00,0.919
2025-05-03 18:45:00,0.816
2025-05-03 19:00:00,0.783
2025-05-03 19:15:00,1.84
2025-05-03 19:30:00,2.69
2025-05-03 19:45:00,1.70
2025-05-03 20:00:00,0.843
2025-05-03 20:15:00,0.832
2025-05-03 20:30:00,0.826
2025-05-03 20:45:00,0.802
2025-05-03 21:00:00,0.794
2025-05-03 21:15:00,0.808
2025-05-03 21:30:00,1.06
2025-05-03 21:45:00,2.73
2025-05-03 22:00:00,2.66
2025-05-03 22:15:00,2.04
2025-05-03 22:30:00,0.821
2025-05-03 22:45:00,0.831
2025-05-03 23:00:00,0.814
2025-05-03 23:15:00,0.780
2025-05-03 23:30:00,0.790
2025-05-03 23:45:00,0.818
2025-05-04 00:00:00,0.797
2025-05-04 00:15:00,0.786
2025-05-04 00:30:00,0.769
2025-05-04 00:45:00,1.86
2025-05-04 01:00:00,2.73
2025-05-04 01:15:00,1.34
2025-05-04 01:30:00,0.762
2025-05-04 01:45:00,0.789
2025-05-04 02:00:00,0.786
2025-05-04 02:15:00,0.813
2025-05-04 02:30:00,0.781
2025-05-04 02:45:00,0.762
2025-05-04 03:00:00,0.788
2025-05-04 03:15:00,0.802
2025-05-04 03:30:00,0.788
2025-05-04 03:45:00,0.756
2025-05-04 04:00:00,0.787
2025-05-04 04:15:00,1.00
2025-05-04 04:30:00,2.80
2025-05-04 04:45:00,2.02
2025-05-04 05:00:00,0.785
2025-05-04 05:15:00,0.800
2025-05-04 05:30:00,0.789
2025-05-04 05:45:00,0.761
2025-05-04 06:00:00,0.768
2025-05-04 06:15:00,0.774
2025-05-04 06:30:00,0.743
2025-05-04 06:45:00,0.495
2025-05-04 07:00:00,0.0706
2025-05-04 07:15:00,0.251
2025-05-04 07:30:00,0.248
2025-05-04 07:45:00,0.223
2025-05-04 08:00:00,1.73
2025-05-04 08:15:00,1.54
2025-05-04 08:30:00,0.988
2025-05-04 08:45:00,0.220
2025-05-04 09:00:00,0.225
2025-05-04 09:15:00,0.243
2025-05-04 09:30:00,0.219
2025-05-04 09:45:00,0.373
2025-05-04 10:00:00,2.20
2025-05-04 10:15:00,2.18
2025-05-04 10:30:00,0.223
2025-05-04 10:45:00,0.254
2025-05-04 11:00:00,0.244
2025-05-04 11:15:00,0.237
2025-05-04 11:30:00,0.244
2025-05-04 11:45:00,0.232
2025-05-04 12:00:00,0.239
2025-05-04 12:15:00,0.224
2025-05-04 12:30:00,0.247
2025-05-04 12:45:00,1.72
2025-05-04 13:00:00,2.13
2025-05-04 13:15:00,1.57
2025-05-04 13:30:00,1.39
2025-05-04 13:45:00,0.223
2025-05-04 14:00:00,0.248
2025-05-04 14:15:00,0.230
2025-05-04 14:30:00,0.266
2025-05-04 14:45:00,0.381
2025-05-04 15:00:00,2.17
2025-05-04 15:15:00,1.71
2025-05-04 15:30:00,2.38
2025-05-04 15:45:00,3.25
2025-05-04 16:00:00,3.20
2025-05-04 16:15:00,3.17
2025-05-04 16:30:00,3.57
2025-05-04 16:45:00,4.08
2025-05-04 17:00:00,2.07
2025-05-04 17:15:00,0.220
2025-05-04 17:30:00,0.213
2025-05-04 17:45:00,0.242
2025-05-04 18:00:00,0.430
2025-05-04 18:15:00,0.103
2025-05-04 18:30:00,0.0838
2025-05-04 18:45:00,0.0919
2025-05-04 19:00:00,0.928
2025-05-04 19:15:00,1.89
2025-05-04 19:30:00,1.52
2025-05-04 19:45:00,1.53
2025-05-04 20:00:00,0.0372
2025-05-04 20:15:00,0.0341
2025-05-04 20:30:00,0.0306
2025-05-04 20:45:00,0.0374
2025-05-04 21:00:00,0.0340
2025-05-04 21:15:00,0.0366
2025-05-04 21:30:00,0.0414
2025-05-04 21:45:00,0.0343
2025-05-04 22:00:00,0.604
2025-05-04 22:15:00,1.93
2025-05-04 22:30:00,1.39
2025-05-04 22:45:00,0.120
2025-05-04 23:00:00,0.0474
2025-05-04 23:15:00,0.0672
2025-05-04 23:30:00,0.0488
2025-05-04 23:45:00,0.0624
2025-05-05 00:00:00,0.0663
2025-05-05 00:15:00,0.0706
2025-05-05 00:30:00,0.0267
2025-05-05 00:45:00,1.97
2025-05-05 01:00:00,1.98
2025-05-05 01:15:00,1.68
2025-05-05 01:30:00,0.0583
2025-05-05 01:45:00,0.0364
2025-05-05 02:00:00,0.0200
2025-05-05 02:15:00,0.0456
2025-05-05 02:30:00,0.0474
2025-05-05 02:45:00,0.0652
2025-05-05 03:00:00,0.0426
2025-05-05 03:15:00,-0.00088
2025-05-05 03:30:00,0.0186
2025-05-05 03:45:00,1.77
2025-05-05 04:00:00,2.02
2025-05-05 04:15:00,0.233
2025-05-05 04:30:00,0.0124
2025-05-05 04:45:00,0.0567
2025-05-05 05:00:00,0.0505
2025-05-05 05:15:00,0.0444
2025-05-05 05:30:00,0.0276
2025-05-05 05:45:00,0.0300
2025-05-05 06:00:00,0.0508
2025-05-05 06:15:00,0.0576
2025-05-05 06:30:00,0.0411
2025-05-05 06:45:00,0.997
2025-05-05 07:00:00,1.98
2025-05-05 07:15:00,2.23
2025-05-05 07:30:00,3.02
2025-05-05 07:45:00,3.12
2025-05-05 08:00:00,5.66
2025-05-05 08:15:00,6.28
2025-05-05 08:30:00,6.62
2025-05-05 08:45:00,6.30
2025-05-05 09:00:00,6.15
2025-05-05 09:15:00,6.11
2025-05-05 09:30:00,6.13
2025-05-05 09:45:00,6.14
2025-05-05 10:00:00,6.42
2025-05-05 10:15:00,6.56
2025-05-05 10:30:00,6.54
2025-05-05 10:45:00,6.57
2025-05-05 11:00:00,4.48
2025-05-05 11:15:00,3.61
2025-05-05 11:30:00,3.66
2025-05-05 11:45:00,3.11
2025-05-05 12:00:00,1.73
2025-05-05 12:15:00,1.69
2025-05-05 12:30:00,1.51
2025-05-05 12:45:00,1.37
2025-05-05 13:00:00,1.37
2025-05-05 13:15:00,2.33
2025-05-05 13:30:00,3.30
2025-05-05 13:45:00,2.47
2025-05-05 14:00:00,1.75
2025-05-05 14:15:00,1.80
2025-05-05 14:30:00,0.688
2025-05-05 14:45:00,2.04
2025-05-05 15:00:00,2.80
2025-05-05 15:15:00,4.25
2025-05-05 15:30:00,4.62
2025-05-05 15:45:00,4.86
2025-05-05 16:00:00,4.53
2025-05-05 16:15:00,2.39
2025-05-05 16:30:00,2.35
2025-05-05 16:45:00,2.00
2025-05-05 17:00:00,1.19
2025-05-05 17:15:00,0.705
2025-05-05 17:30:00,3.53
2025-05-05 17:45:00,4.25
2025-05-05 18:00:00,5.96
2025-05-05 18:15:00,5.65
2025-05-05 18:30:00,5.58
2025-05-05 18:45:00,4.49
2025-05-05 19:00:00,3.79
2025-05-05 19:15:00,3.81
2025-05-05 19:30:00,5.11
2025-05-05 19:45:00,8.47
2025-05-05 20:00:00,10.6
2025-05-05 20:15:00,10.6
2025-05-05 20:30:00,10.6
2025-05-05 20:45:00,10.5
2025-05-05 21:00:00,8.77
2025-05-05 21:15:00,8.76
2025-05-05 21:30:00,8.73
2025-05-05 21:45:00,8.03
2025-05-05 22:00:00,4.40
2025-05-05 22:15:00,4.15
2025-05-05 22:30:00,2.62
2025-05-05 22:45:00,0.493
2025-05-05 23:00:00,0.0612
2025-05-05 23:15:00,0.0285
2025-05-05 23:30:00,0.0440
2025-05-05 23:45:00,2.01
2025-05-06 00:00:00,1.99
2025-05-06 00:15:00,1.96
2025-05-06 00:30:00,0.746
2025-05-06 00:45:00,0.0644
2025-05-06 01:00:00,0.0531
2025-05-06 01:15:00,-0.0057
2025-05-06 01:30:00,1.69
2025-05-06 01:45:00,2.08
2025-05-06 02:00:00,2.00
2025-05-06 02:15:00,0.692
2025-05-06 02:30:00,0.0576
2025-05-06 02:45:00,0.0513
2025-05-06 03:00:00,0.0575
2025-05-06 03:15:00,0.533
2025-05-06 03:30:00,2.00
2025-05-06 03:45:00,2.02
2025-05-06 04:00:00,1.21
2025-05-06 04:15:00,0.0646
2025-05-06 04:30:00,0.0261
2025-05-06 04:45:00,0.0147
2025-05-06 05:00:00,0.559
2025-05-06 05:15:00,2.04
2025-05-06 05:30:00,2.01
2025-05-06 05:45:00,1.36
2025-05-06 06:00:00,0.0225
2025-05-06 06:15:00,0.0650
2025-05-06 06:30:00,0.260
2025-05-06 06:45:00,1.94
2025-05-06 07:00:00,1.92
2025-05-06 07:15:00,2.23
2025-05-06 07:30:00,2.49
2025-05-06 07:45:00,3.54
2025-05-06 08:00:00,3.49
2025-05-06 08:15:00,5.78
2025-05-06 08:30:00,6.51
2025-05-06 08:45:00,6.53
2025-05-06 09:00:00,6.56
2025-05-06 09:15:00,6.59
2025-05-06 09:30:00,6.64
2025-05-06 09:45:00,6.64
2025-05-06 10:00:00,6.60
2025-05-06 10:15:00,6.65
2025-05-06 10:30:00,5.30
2025-05-06 10:45:00,3.21
2025-05-06 11:00:00,3.16
2025-05-06 11:15:00,3.17
2025-05-06 11:30:00,3.22
2025-05-06 11:45:00,3.24
2025-05-06 12:00:00,3.49
2025-05-06 12:15:00,3.63
2025-05-06 12:30:00,3.59
2025-05-06 12:45:00,3.51
2025-05-06 13:00:00,3.25
2025-05-06 13:15:00,2.99
2025-05-06 13:30:00,1.57
2025-05-06 13:45:00,1.55
2025-05-06 14:00:00,1.56
2025-05-06 14:15:00,1.75
2025-05-06 14:30:00,4.27
2025-05-06 14:45:00,4.20
2025-05-06 15:00:00,4.28
2025-05-06 15:15:00,4.27
2025-05-06 15:30:00,4.31
2025-05-06 15:45:00,4.32
2025-05-06 16:00:00,4.32
2025-05-06 16:15:00,4.31
2025-05-06 16:30:00,3.62
2025-05-06 16:45:00,1.70
2025-05-06 17:00:00,1.69
2025-05-06 17:15:00,4.38
2025-05-06 17:30:00,7.22
2025-05-06 17:45:00,7.71
2025-05-06 18:00:00,7.99
2025-05-06 18:15:00,7.83
2025-05-06 18:30:00,7.90
2025-05-06 18:45:00,6.38
2025-05-06 19:00:00,5.63
2025-05-06 19:15:00,1.16
2025-05-06 19:30:00,1.18
2025-05-06 19:45:00,1.15
2025-05-06 20:00:00,1.90
2025-05-06 20:15:00,4.21
2025-05-06 20:30:00,4.17
2025-05-06 20:45:00,5.75
2025-05-06 21:00:00,6.08
2025-05-06 21:15:00,4.27
2025-05-06 21:30:00,4.10
2025-05-06 21:45:00,4.12
2025-05-06 22:00:00,4.22
2025-05-06 22:15:00,4.59
2025-05-06 22:30:00,3.94
2025-05-06 22:45:00,1.50
2025-05-06 23:00:00,2.32
2025-05-06 23:15:00,5.33
2025-05-06 23:30:00,5.28
2025-05-06 23:45:00,3.65
2025-05-07 00:00:00,3.29
2025-05-07 00:15:00,3.17
2025-05-07 00:30:00,1.82
2025-05-07 00:45:00,0.204
2025-05-07 01:00:00,0.255
2025-05-07 01:15:00,0.254
2025-05-07 01:30:00,0.226
2025-05-07 01:45:00,0.203
2025-05-07 02:00:00,0.255
2025-05-07 02:15:00,0.252
2025-05-07 02:30:00,0.740
2025-05-07 02:45:00,2.10
2025-05-07 03:00:00,1.26
2025-05-07 03:15:00,0.250
2025-05-07 03:30:00,0.205
2025-05-07 03:45:00,0.180
2025-05-07 04:00:00,0.226
2025-05-07 04:15:00,0.312
2025-05-07 04:30:00,0.290
2025-05-07 04:45:00,0.253
2025-05-07 05:00:00,0.228
2025-05-07 05:15:00,0.219
2025-05-07 05:30:00,0.240
2025-05-07 05:45:00,0.255
2025-05-07 06:00:00,0.253
2025-05-07 06:15:00,0.241
2025-05-07 06:30:00,0.219
2025-05-07 06:45:00,0.0292
2025-05-07 07:00:00,0.660
2025-05-07 07:15:00,2.28
2025-05-07 07:30:00,3.11
2025-05-07 07:45:00,3.50
2025-05-07 08:00:00,3.71
2025-05-07 08:15:00,3.96
2025-05-07 08:30:00,6.14
2025-05-07 08:45:00,6.50
2025-05-07 09:00:00,6.08
2025-05-07 09:15:00,3.71
2025-05-07 09:30:00,3.75
2025-05-07 09:45:00,3.75
2025-05-07 10:00:00,3.82
2025-05-07 10:15:00,3.75
2025-05-07 10:30:00,3.79
2025-05-07 10:45:00,3.68
2025-05-07 11:00:00,3.13
2025-05-07 11:15:00,2.28
2025-05-07 11:30:00,1.57
2025-05-07 11:45:00,1.21
2025-05-07 12:00:00,1.30
2025-05-07 12:15:00,1.30
2025-05-07 12:30:00,1.21
2025-05-07 12:45:00,6.15
2025-05-07 13:00:00,8.22
2025-05-07 13:15:00,7.86
2025-05-07 13:30:00,3.09
2025-05-07 13:45:00,0.327
2025-05-07 14:00:00,0.0918
2025-05-07 14:15:00,0.0789
2025-05-07 14:30:00,0.178
2025-05-07 14:45:00,0.213
2025-05-07 15:00:00,0.429
2025-05-07 15:15:00,0.393
2025-05-07 15:30:00,0.455
2025-05-07 15:45:00,1.05
2025-05-07 16:00:00,2.22
2025-05-07 16:15:00,1.47
2025-05-07 16:30:00,0.638
2025-05-07 16:45:00,0.888
2025-05-07 17:00:00,2.56
2025-05-07 17:15:00,4.16
2025-05-07 17:30:00,3.93
2025-05-07 17:45:00,3.48
2025-05-07 18:00:00,3.29
2025-05-07 18:15:00,3.34
2025-05-07 18:30:00,4.95
2025-05-07 18:45:00,10.1
2025-05-07 19:00:00,10.6
2025-05-07 19:15:00,9.22
2025-05-07 19:30:00,9.25
2025-05-07 19:45:00,7.51
2025-05-07 20:00:00,4.35
2025-05-07 20:15:00,4.22
2025-05-07 20:30:00,4.21
2025-05-07 20:45:00,4.06
2025-05-07 21:00:00,4.05
2025-05-07 21:15:00,3.86
2025-05-07 21:30:00,2.96
2025-05-07 21:45:00,2.91
2025-05-07 22:00:00,0.0604
2025-05-07 22:15:00,0.125
2025-05-07 22:30:00,0.259
2025-05-07 22:45:00,0.197
2025-05-07 23:00:00,0.283
2025-05-07 23:15:00,0.236
2025-05-07 23:30:00,0.243
2025-05-07 23:45:00,0.275
2025-05-08 00:00:00,0.192
2025-05-08 00:15:00,1.97
2025-05-08 00:30:00,2.06
2025-05-08 00:45:00,1.41
2025-05-08 01:00:00,0.292
2025-05-08 01:15:00,0.218
2025-05-08 01:30:00,0.289
2025-05-08 01:45:00,0.255
2025-05-08 02:00:00,0.233
2025-05-08 02:15:00,0.300
2025-05-08 02:30:00,0.221
2025-05-08 02:45:00,0.256
2025-05-08 03:00:00,0.258
2025-05-08 03:15:00,0.207
2025-05-08 03:30:00,0.290
2025-05-08 03:45:00,0.222
2025-05-08 04:00:00,0.239
2025-05-08 04:15:00,0.210
2025-05-08 04:30:00,1.94
2025-05-08 04:45:00,1.55
2025-05-08 05:00:00,0.315
2025-05-08 05:15:00,0.295
2025-05-08 05:30:00,0.259
2025-05-08 05:45:00,0.215
2025-05-08 06:00:00,0.293
2025-05-08 06:15:00,0.317
2025-05-08 06:30:00,0.318
2025-05-08 06:45:00,0.321
2025-05-08 07:00:00,0.288
2025-05-08 07:15:00,0.375
2025-05-08 07:30:00,0.108
2025-05-08 07:45:00,0.648
2025-05-08 08:00:00,0.623
2025-05-08 08:15:00,2.51
2025-05-08 08:30:00,2.24
2025-05-08 08:45:00,0.864
2025-05-08 09:00:00,0.486
2025-05-08 09:15:00,0.354
2025-05-08 09:30:00,0.399
2025-05-08 09:45:00,0.456
2025-05-08 10:00:00,0.622
2025-05-08 10:15:00,0.539
2025-05-08 10:30:00,0.550
2025-05-08 10:45:00,1.39
2025-05-08 11:00:00,2.76
2025-05-08 11:15:00,2.68
2025-05-08 11:30:00,3.63
2025-05-08 11:45:00,3.49
2025-05-08 12:00:00,3.43
2025-05-08 12:15:00,3.37
2025-05-08 12:30:00,3.34
2025-05-08 12:45:00,0.712
2025-05-08 13:00:00,0.379
2025-05-08 13:15:00,0.228
2025-05-08 13:30:00,2.26
2025-05-08 13:45:00,2.24
2025-05-08 14:00:00,4.31
2025-05-08 14:15:00,5.82
2025-05-08 14:30:00,5.64
2025-05-08 14:45:00,6.44
2025-05-08 15:00:00,7.54
2025-05-08 15:15:00,8.61
2025-05-08 15:30:00,8.38
2025-05-08 15:45:00,8.30
2025-05-08 16:00:00,8.29
2025-05-08 16:15:00,8.26
2025-05-08 16:30:00,8.22
2025-05-08 16:45:00,8.35
2025-05-08 17:00:00,8.24
2025-05-08 17:15:00,5.16
2025-05-08 17:30:00,5.43
2025-05-08 17:45:00,6.46
2025-05-08 18:00:00,6.03
2025-05-08 18:15:00,5.68
2025-05-08 18:30:00,4.57
2025-05-08 18:45:00,4.62
2025-05-08 19:00:00,4.63
2025-05-08 19:15:00,3.80
2025-05-08 19:30:00,1.58
2025-05-08 19:45:00,1.59
2025-05-08 20:00:00,1.37
2025-05-08 20:15:00,1.29
2025-05-08 20:30:00,1.92
2025-05-08 20:45:00,3.23
2025-05-08 21:00:00,2.47
2025-05-08 21:15:00,1.25
2025-05-08 21:30:00,1.23
2025-05-08 21:45:00,1.36
2025-05-08 22:00:00,0.295
2025-05-08 22:15:00,0.266
2025-05-08 22:30:00,0.269
2025-05-08 22:45:00,0.214
2025-05-08 23:00:00,0.296
2025-05-08 23:15:00,0.264
2025-05-08 23:30:00,0.280
2025-05-08 23:45:00,1.41
2025-05-09 00:00:00,1.91
2025-05-09 00:15:00,1.77
2025-05-09 00:30:00,1.09
2025-05-09 00:45:00,0.318
2025-05-09 01:00:00,0.320
2025-05-09 01:15:00,0.328
2025-05-09 01:30:00,0.432
2025-05-09 01:45:00,0.354
2025-05-09 02:00:00,0.268
2025-05-09 02:15:00,0.263
2025-05-09 02:30:00,0.300
2025-05-09 02:45:00,0.290
2025-05-09 03:00:00,0.310
2025-05-09 03:15:00,0.357
2025-05-09 03:30:00,0.402
2025-05-09 03:45:00,0.342
2025-05-09 04:00:00,0.355
2025-05-09 04:15:00,2.27
2025-05-09 04:30:00,1.63
2025-05-09 04:45:00,0.337
2025-05-09 05:00:00,0.333
2025-05-09 05:15:00,0.371
2025-05-09 05:30:00,0.386
2025-05-09 05:45:00,0.319
2025-05-09 06:00:00,0.324
2025-05-09 06:15:00,0.348
2025-05-09 06:30:00,0.283
2025-05-09 06:45:00,0.295
2025-05-09 07:00:00,0.330
2025-05-09 07:15:00,0.355
2025-05-09 07:30:00,0.399
2025-05-09 07:45:00,0.311
2025-05-09 08:00:00,0.281
2025-05-09 08:15:00,1.38
2025-05-09 08:30:00,3.43
2025-05-09 08:45:00,2.25
2025-05-09 09:00:00,1.72
2025-05-09 09:15:00,1.71
2025-05-09 09:30:00,1.71
2025-05-09 09:45:00,1.79
2025-05-09 10:00:00,1.70
2025-05-09 10:15:00,1.53
2025-05-09 10:30:00,1.43
2025-05-09 10:45:00,1.45
2025-05-09 11:00:00,1.39
2025-05-09 11:15:00,2.43
2025-05-09 11:30:00,3.26
2025-05-09 11:45:00,2.78
2025-05-09 12:00:00,1.87
2025-05-09 12:15:00,1.55
2025-05-09 12:30:00,1.55
2025-05-09 12:45:00,1.42
2025-05-09 13:00:00,0.261
2025-05-09 13:15:00,0.0358
2025-05-09 13:30:00,0.0145
2025-05-09 13:45:00,-0.065
2025-05-09 14:00:00,0.739
2025-05-09 14:15:00,1.80
2025-05-09 14:30:00,0.896
2025-05-09 14:45:00,-0.031
2025-05-09 15:00:00,-0.017
2025-05-09 15:15:00,0.0293
2025-05-09 15:30:00,0.114
2025-05-09 15:45:00,1.59
2025-05-09 16:00:00,2.13
2025-05-09 16:15:00,0.707
2025-05-09 16:30:00,0.192
2025-05-09 16:45:00,0.134
2025-05-09 17:00:00,0.130
2025-05-09 17:15:00,0.168
2025-05-09 17:30:00,0.172
2025-05-09 17:45:00,0.136
2025-05-09 18:00:00,0.794
2025-05-09 18:15:00,0.868
2025-05-09 18:30:00,1.06
2025-05-09 18:45:00,2.39
2025-05-09 19:00:00,1.74
2025-05-09 19:15:00,1.89
2025-05-09 19:30:00,0.355
2025-05-09 19:45:00,0.331
2025-05-09 20:00:00,0.357
2025-05-09 20:15:00,0.368
2025-05-09 20:30:00,0.357
2025-05-09 20:45:00,0.330
2025-05-09 21:00:00,0.307
2025-05-09 21:15:00,0.278
2025-05-09 21:30:00,0.599
2025-05-09 21:45:00,1.69
2025-05-09 22:00:00,1.04
2025-05-09 22:15:00,0.194
2025-05-09 22:30:00,0.187
2025-05-09 22:45:00,0.200
2025-05-09 23:00:00,0.287
2025-05-09 23:15:00,0.271
2025-05-09 23:30:00,0.259
2025-05-09 23:45:00,0.298
2025-05-10 00:00:00,0.305
2025-05-10 00:15:00,1.39
2025-05-10 00:30:00,2.20
2025-05-10 00:45:00,1.37
2025-05-10 01:00:00,0.274
2025-05-10 01:15:00,0.221
2025-05-10 01:30:00,0.264
2025-05-10 01:45:00,0.305
2025-05-10 02:00:00,0.253
2025-05-10 02:15:00,0.213
2025-05-10 02:30:00,0.249
2025-05-10 02:45:00,0.223
2025-05-10 03:00:00,0.172
2025-05-10 03:15:00,0.212
2025-05-10 03:30:00,0.233
2025-05-10 03:45:00,0.184
2025-05-10 04:00:00,0.174
2025-05-10 04:15:00,0.222
2025-05-10 04:30:00,0.220
2025-05-10 04:45:00,0.172
2025-05-10 05:00:00,0.234
2025-05-10 05:15:00,0.251
2025-05-10 05:30:00,0.831
2025-05-10 05:45:00,2.05
2025-05-10 06:00:00,1.04
2025-05-10 06:15:00,0.218
2025-05-10 06:30:00,0.188
2025-05-10 06:45:00,0.234
2025-05-10 07:00:00,0.144
2025-05-10 07:15:00,0.112
2025-05-10 07:30:00,0.263
2025-05-10 07:45:00,0.277
2025-05-10 08:00:00,0.231
2025-05-10 08:15:00,0.263
2025-05-10 08:30:00,1.91
2025-05-10 08:45:00,3.12
2025-05-10 09:00:00,3.01
2025-05-10 09:15:00,2.91
2025-05-10 09:30:00,8.48
2025-05-10 09:45:00,8.06
2025-05-10 10:00:00,8.11
2025-05-10 10:15:00,8.15
2025-05-10 10:30:00,8.36
2025-05-10 10:45:00,8.48
2025-05-10 11:00:00,4.50
2025-05-10 11:15:00,1.10
2025-05-10 11:30:00,-0.19
2025-05-10 11:45:00,-0.13
2025-05-10 12:00:00,-0.14
2025-05-10 12:15:00,-0.20
2025-05-10 12:30:00,-0.14
2025-05-10 12:45:00,-0.12
2025-05-10 13:00:00,0.829
2025-05-10 13:15:00,2.06
2025-05-10 13:30:00,1.78
2025-05-10 13:45:00,0.351
2025-05-10 14:00:00,0.238
2025-05-10 14:15:00,0.271
2025-05-10 14:30:00,0.262
2025-05-10 14:45:00,0.217
2025-05-10 15:00:00,0.284
2025-05-10 15:15:00,0.259
2025-05-10 15:30:00,0.210
2025-05-10 15:45:00,0.260
2025-05-10 16:00:00,0.424
2025-05-10 16:15:00,2.14
2025-05-10 16:30:00,1.91
2025-05-10 16:45:00,1.34
2025-05-10 17:00:00,-0.14
2025-05-10 17:15:00,-0.19
2025-05-10 17:30:00,-0.13
2025-05-10 17:45:00,-0.049
2025-05-10 18:00:00,-0.15
2025-05-10 18:15:00,0.0137
2025-05-10 18:30:00,0.255
2025-05-10 18:45:00,0.254
2025-05-10 19:00:00,0.224
2025-05-10 19:15:00,0.265
2025-05-10 19:30:00,1.69
2025-05-10 19:45:00,2.06
2025-05-10 20:00:00,0.279
2025-05-10 20:15:00,0.272
2025-05-10 20:30:00,0.223
2025-05-10 20:45:00,0.258
2025-05-10 21:00:00,0.291
2025-05-10 21:15:00,0.249
2025-05-10 21:30:00,1.18
2025-05-10 21:45:00,2.14
2025-05-10 22:00:00,0.838
2025-05-10 22:15:00,0.354
2025-05-10 22:30:00,0.245
2025-05-10 22:45:00,0.234
2025-05-10 23:00:00,0.273
2025-05-10 23:15:00,0.275
2025-05-10 23:30:00,0.248
2025-05-10 23:45:00,0.236
2025-05-11 00:00:00,0.293
2025-05-11 00:15:00,0.286
2025-05-11 00:30:00,0.225
2025-05-11 00:45:00,0.242
2025-05-11 01:00:00,0.270
2025-05-11 01:15:00,0.277
2025-05-11 01:30:00,0.252
2025-05-11 01:45:00,0.268
2025-05-11 02:00:00,0.280
2025-05-11 02:15:00,0.239
2025-05-11 02:30:00,1.21
2025-05-11 02:45:00,2.24
2025-05-11 03:00:00,0.494
2025-05-11 03:15:00,0.224
2025-05-11 03:30:00,0.287
2025-05-11 03:45:00,0.299
2025-05-11 04:00:00,0.260
2025-05-11 04:15:00,0.286
2025-05-11 04:30:00,0.295
2025-05-11 04:45:00,0.272
2025-05-11 05:00:00,0.240
2025-05-11 05:15:00,0.279
2025-05-11 05:30:00,0.274
2025-05-11 05:45:00,0.213
2025-05-11 06:00:00,0.259
2025-05-11 06:15:00,0.276
2025-05-11 06:30:00,0.240
2025-05-11 06:45:00,0.108
2025-05-11 07:00:00,0.0591
2025-05-11 07:15:00,0.240
2025-05-11 07:30:00,0.213
2025-05-11 07:45:00,1.27
2025-05-11 08:00:00,2.15
2025-05-11 08:15:00,2.11
2025-05-11 08:30:00,2.18
2025-05-11 08:45:00,2.19
2025-05-11 09:00:00,2.13
2025-05-11 09:15:00,2.12
2025-05-11 09:30:00,2.12
2025-05-11 09:45:00,2.15
2025-05-11 10:00:00,2.13
2025-05-11 10:15:00,2.15
2025-05-11 10:30:00,2.14
2025-05-11 10:45:00,2.15
2025-05-11 11:00:00,2.15
2025-05-11 11:15:00,2.13
2025-05-11 11:30:00,2.15
2025-05-11 11:45:00,2.13
2025-05-11 12:00:00,2.15
2025-05-11 12:15:00,2.12
2025-05-11 12:30:00,2.17
2025-05-11 12:45:00,2.16
2025-05-11 13:00:00,2.17
2025-05-11 13:15:00,2.16
2025-05-11 13:30:00,2.16
2025-05-11 13:45:00,2.16
2025-05-11 14:00:00,2.16
2025-05-11 14:15:00,2.17
2025-05-11 14:30:00,1.99
2025-05-11 14:45:00,0.230
2025-05-11 15:00:00,0.229
2025-05-11 15:15:00,0.229
2025-05-11 15:30:00,2.49
2025-05-11 15:45:00,3.38
2025-05-11 16:00:00,3.24
2025-05-11 16:15:00,3.22
2025-05-11 16:30:00,3.25
2025-05-11 16:45:00,3.23
2025-05-11 17:00:00,3.18
2025-05-11 17:15:00,0.379
2025-05-11 17:30:00,0.231
2025-05-11 17:45:00,0.286
2025-05-11 18:00:00,0.225
2025-05-11 18:15:00,0.392
2025-05-11 18:30:00,0.302
2025-05-11 18:45:00,0.267
2025-05-11 19:00:00,0.289
2025-05-11 19:15:00,0.263
2025-05-11 19:30:00,0.295
2025-05-11 19:45:00,0.261
2025-05-11 20:00:00,0.271
2025-05-11 20:15:00,0.243
2025-05-11 20:30:00,0.297
2025-05-11 20:45:00,0.252
2025-05-11 21:00:00,0.299
2025-05-11 21:15:00,0.268
2025-05-11 21:30:00,0.286
2025-05-11 21:45:00,0.256
2025-05-11 22:00:00,0.271
2025-05-11 22:15:00,0.239
2025-05-11 22:30:00,0.305
2025-05-11 22:45:00,0.284
2025-05-11 23:00:00,0.288
2025-05-11 23:15:00,0.281
2025-05-11 23:30:00,0.309
2025-05-11 23:45:00,0.343
2025-05-12 00:00:00,2.23
2025-05-12 00:15:00,2.20
2025-05-12 00:30:00,0.479
2025-05-12 00:45:00,0.221
2025-05-12 01:00:00,0.308
2025-05-12 01:15:00,0.369
2025-05-12 01:30:00,0.398
2025-05-12 01:45:00,0.290
2025-05-12 02:00:00,0.303
2025-05-12 02:15:00,0.310
2025-05-12 02:30:00,0.316
2025-05-12 02:45:00,0.248
2025-05-12 03:00:00,0.258
2025-05-12 03:15:00,0.295
2025-05-12 03:30:00,0.271
2025-05-12 03:45:00,0.236
2025-05-12 04:00:00,0.235
2025-05-12 04:15:00,0.301
2025-05-12 04:30:00,0.261
2025-05-12 04:45:00,0.216
2025-05-12 05:00:00,0.241
2025-05-12 05:15:00,0.259
2025-05-12 05:30:00,0.744
2025-05-12 05:45:00,2.19
2025-05-12 06:00:00,1.29
2025-05-12 06:15:00,0.288
2025-05-12 06:30:00,0.234
2025-05-12 06:45:00,0.209
2025-05-12 07:00:00,0.0952
2025-05-12 07:15:00,1.75
2025-05-12 07:30:00,1.76
2025-05-12 07:45:00,1.85
2025-05-12 08:00:00,1.82
2025-05-12 08:15:00,1.84
2025-05-12 08:30:00,1.84
2025-05-12 08:45:00,2.03
2025-05-12 09:00:00,4.14
2025-05-12 09:15:00,4.24
2025-05-12 09:30:00,2.77
2025-05-12 09:45:00,3.41
2025-05-12 10:00:00,4.87
2025-05-12 10:15:00,4.83
2025-05-12 10:30:00,4.79
2025-05-12 10:45:00,5.06
2025-05-12 11:00:00,4.99
2025-05-12 11:15:00,6.39
2025-05-12 11:30:00,6.59
2025-05-12 11:45:00,4.97
2025-05-12 12:00:00,2.64
2025-05-12 12:15:00,1.99
2025-05-12 12:30:00,1.93
2025-05-12 12:45:00,1.94
2025-05-12 13:00:00,1.94
2025-05-12 13:15:00,1.60
2025-05-12 13:30:00,1.67
2025-05-12 13:45:00,3.16
2025-05-12 14:00:00,1.93
2025-05-12 14:15:00,0.187
2025-05-12 14:30:00,-0.22
2025-05-12 14:45:00,-0.22
2025-05-12 15:00:00,-0.071
2025-05-12 15:15:00,0.135
2025-05-12 15:30:00,0.168
2025-05-12 15:45:00,1.60
2025-05-12 16:00:00,2.19
2025-05-12 16:15:00,2.23
2025-05-12 16:30:00,0.458
2025-05-12 16:45:00,0.242
2025-05-12 17:00:00,0.272
2025-05-12 17:15:00,2.01
2025-05-12 17:30:00,3.51
2025-05-12 17:45:00,3.64
2025-05-12 18:00:00,1.80
2025-05-12 18:15:00,2.08
2025-05-12 18:30:00,3.11
2025-05-12 18:45:00,3.59
2025-05-12 19:00:00,4.88
2025-05-12 19:15:00,4.53
2025-05-12 19:30:00,6.28
2025-05-12 19:45:00,8.06
2025-05-12 20:00:00,8.29
2025-05-12 20:15:00,8.52
2025-05-12 20:30:00,8.33
2025-05-12 20:45:00,6.50
2025-05-12 21:00:00,5.68
2025-05-12 21:15:00,5.91
2025-05-12 21:30:00,7.78
2025-05-12 21:45:00,4.03
2025-05-12 22:00:00,2.47
2025-05-12 22:15:00,0.914
2025-05-12 22:30:00,0.302
2025-05-12 22:45:00,0.250
2025-05-12 23:00:00,0.213
2025-05-12 23:15:00,0.278
2025-05-12 23:30:00,0.258
2025-05-12 23:45:00,0.203
2025-05-13 00:00:00,0.242
2025-05-13 00:15:00,0.489
2025-05-13 00:30:00,2.16
2025-05-13 00:45:00,2.00
2025-05-13 01:00:00,0.281
2025-05-13 01:15:00,0.200
2025-05-13 01:30:00,0.248
2025-05-13 01:45:00,0.260
2025-05-13 02:00:00,0.205
2025-05-13 02:15:00,0.239
2025-05-13 02:30:00,0.258
2025-05-13 02:45:00,0.220
2025-05-13 03:00:00,0.229
2025-05-13 03:15:00,0.242
2025-05-13 03:30:00,0.236
2025-05-13 03:45:00,0.214
2025-05-13 04:00:00,1.08
2025-05-13 04:15:00,1.85
2025-05-13 04:30:00,1.50
2025-05-13 04:45:00,0.266
2025-05-13 05:00:00,0.257
2025-05-13 05:15:00,0.238
2025-05-13 05:30:00,0.206
2025-05-13 05:45:00,0.218
2025-05-13 06:00:00,0.244
2025-05-13 06:15:00,0.220
2025-05-13 06:30:00,0.236
2025-05-13 06:45:00,0.188
2025-05-13 07:00:00,-0.049
2025-05-13 07:15:00,0.902
2025-05-13 07:30:00,1.91
2025-05-13 07:45:00,3.47
2025-05-13 08:00:00,4.00
2025-05-13 08:15:00,4.43
2025-05-13 08:30:00,1.85
2025-05-13 08:45:00,1.98
2025-05-13 09:00:00,1.83
2025-05-13 09:15:00,1.85
2025-05-13 09:30:00,1.98
2025-05-13 09:45:00,1.84
2025-05-13 10:00:00,2.53
2025-05-13 10:15:00,4.19
2025-05-13 10:30:00,3.27
2025-05-13 10:45:00,2.17
2025-05-13 11:00:00,1.82
2025-05-13 11:15:00,1.85
2025-05-13 11:30:00,3.76
2025-05-13 11:45:00,4.81
2025-05-13 12:00:00,4.74
2025-05-13 12:15:00,3.84
2025-05-13 12:30:00,3.63
2025-05-13 12:45:00,3.42
2025-05-13 13:00:00,2.54
2025-05-13 13:15:00,2.50
2025-05-13 13:30:00,1.97
2025-05-13 13:45:00,1.89
2025-05-13 14:00:00,1.85
2025-05-13 14:15:00,1.38
2025-05-13 14:30:00,2.15
2025-05-13 14:45:00,2.19
2025-05-13 15:00:00,2.19
2025-05-13 15:15:00,1.78
2025-05-13 15:30:00,2.96
2025-05-13 15:45:00,2.77
2025-05-13 16:00:00,2.85
2025-05-13 16:15:00,3.74
2025-05-13 16:30:00,4.56
2025-05-13 16:45:00,4.24
2025-05-13 17:00:00,2.86
2025-05-13 17:15:00,3.13
2025-05-13 17:30:00,6.85
2025-05-13 17:45:00,6.11
2025-05-13 18:00:00,6.05
2025-05-13 18:15:00,6.22
2025-05-13 18:30:00,6.28
2025-05-13 18:45:00,3.87
2025-05-13 19:00:00,1.06
2025-05-13 19:15:00,1.71
2025-05-13 19:30:00,2.98
2025-05-13 19:45:00,2.90
2025-05-13 20:00:00,1.03
2025-05-13 20:15:00,1.07
2025-05-13 20:30:00,1.10
2025-05-13 20:45:00,1.08
2025-05-13 21:00:00,1.04
2025-05-13 21:15:00,1.07
2025-05-13 21:30:00,1.70
2025-05-13 21:45:00,3.02
2025-05-13 22:00:00,2.24
2025-05-13 22:15:00,1.05
2025-05-13 22:30:00,0.262
2025-05-13 22:45:00,0.239
2025-05-13 23:00:00,0.273
2025-05-13 23:15:00,0.289
2025-05-13 23:30:00,0.222
2025-05-13 23:45:00,0.277
2025-05-14 00:00:00,0.279
2025-05-14 00:15:00,0.231
2025-05-14 00:30:00,0.271
2025-05-14 00:45:00,0.289
2025-05-14 01:00:00,0.990
2025-05-14 01:15:00,2.23
2025-05-14 01:30:00,1.47
2025-05-14 01:45:00,0.289
2025-05-14 02:00:00,0.226
2025-05-14 02:15:00,0.299
2025-05-14 02:30:00,0.309
2025-05-14 02:45:00,0.229
2025-05-14 03:00:00,1.06
2025-05-14 03:15:00,2.27
2025-05-14 03:30:00,1.48
2025-05-14 03:45:00,0.246
2025-05-14 04:00:00,0.280
2025-05-14 04:15:00,0.247
2025-05-14 04:30:00,0.251
2025-05-14 04:45:00,0.266
2025-05-14 05:00:00,0.277
2025-05-14 05:15:00,0.230
2025-05-14 05:30:00,0.287
2025-05-14 05:45:00,0.250
2025-05-14 06:00:00,0.230
2025-05-14 06:15:00,0.296
2025-05-14 06:30:00,0.277
2025-05-14 06:45:00,0.138
2025-05-14 07:00:00,-0.054
2025-05-14 07:15:00,1.78
2025-05-14 07:30:00,2.78
2025-05-14 07:45:00,3.61
2025-05-14 08:00:00,3.52
2025-05-14 08:15:00,3.54
2025-05-14 08:30:00,3.64
2025-05-14 08:45:00,3.20
2025-05-14 09:00:00,1.74
2025-05-14 09:15:00,0.791
2025-05-14 09:30:00,0.421
2025-05-14 09:45:00,1.69
2025-05-14 10:00:00,1.72
2025-05-14 10:15:00,1.78
2025-05-14 10:30:00,3.40
2025-05-14 10:45:00,3.21
2025-05-14 11:00:00,3.36
2025-05-14 11:15:00,2.28
2025-05-14 11:30:00,1.39
2025-05-14 11:45:00,1.30
2025-05-14 12:00:00,1.36
2025-05-14 12:15:00,1.33
2025-05-14 12:30:00,1.29
2025-05-14 12:45:00,1.39
2025-05-14 13:00:00,2.54
2025-05-14 13:15:00,3.29
2025-05-14 13:30:00,3.10
2025-05-14 13:45:00,1.61
2025-05-14 14:00:00,1.65
2025-05-14 14:15:00,1.64
2025-05-14 14:30:00,1.60
2025-05-14 14:45:00,2.41
2025-05-14 15:00:00,1.67
2025-05-14 15:15:00,1.78
2025-05-14 15:30:00,1.97
2025-05-14 15:45:00,0.949
2025-05-14 16:00:00,0.194
2025-05-14 16:15:00,0.130
2025-05-14 16:30:00,0.152
2025-05-14 16:45:00,0.432
2025-05-14 17:00:00,1.88
2025-05-14 17:15:00,3.28
2025-05-14 17:30:00,2.98
2025-05-14 17:45:00,3.03
2025-05-14 18:00:00,4.31
2025-05-14 18:15:00,4.24
2025-05-14 18:30:00,5.83
2025-05-14 18:45:00,8.41
2025-05-14 19:00:00,8.71
2025-05-14 19:15:00,8.75
2025-05-14 19:30:00,6.92
2025-05-14 19:45:00,6.23
2025-05-14 20:00:00,6.23
2025-05-14 20:15:00,6.79
2025-05-14 20:30:00,7.90
2025-05-14 20:45:00,2.94
2025-05-14 21:00:00,1.41
2025-05-14 21:15:00,0.990
2025-05-14 21:30:00,1.45
2025-05-14 21:45:00,1.48
2025-05-14 22:00:00,1.45
2025-05-14 22:15:00,0.743
2025-05-14 22:30:00,0.257
2025-05-14 22:45:00,0.260
2025-05-14 23:00:00,0.241
2025-05-14 23:15:00,0.198
2025-05-14 23:30:00,0.244
2025-05-14 23:45:00,1.88
2025-05-15 00:00:00,1.67
2025-05-15 00:15:00,0.776
2025-05-15 00:30:00,0.231
2025-05-15 00:45:00,0.239
2025-05-15 01:00:00,0.240
2025-05-15 01:15:00,0.215
2025-05-15 01:30:00,0.248
2025-05-15 01:45:00,0.255
2025-05-15 02:00:00,0.231
2025-05-15 02:15:00,0.209
2025-05-15 02:30:00,0.267
2025-05-15 02:45:00,2.12
2025-05-15 03:00:00,1.75
2025-05-15 03:15:00,0.554
2025-05-15 03:30:00,0.321
2025-05-15 03:45:00,0.300
2025-05-15 04:00:00,0.290
2025-05-15 04:15:00,0.288
2025-05-15 04:30:00,0.340
2025-05-15 04:45:00,0.338
2025-05-15 05:00:00,0.272
2025-05-15 05:15:00,0.339
2025-05-15 05:30:00,0.342
2025-05-15 05:45:00,0.335
2025-05-15 06:00:00,0.289
2025-05-15 06:15:00,0.327
2025-05-15 06:30:00,0.323
2025-05-15 06:45:00,0.333
2025-05-15 07:00:00,0.0480
2025-05-15 07:15:00,0.882
2025-05-15 07:30:00,3.07
2025-05-15 07:45:00,3.46
2025-05-15 08:00:00,3.10
2025-05-15 08:15:00,2.75
2025-05-15 08:30:00,3.52
2025-05-15 08:45:00,3.69
2025-05-15 09:00:00,4.22
2025-05-15 09:15:00,2.81
2025-05-15 09:30:00,1.84
2025-05-15 09:45:00,2.14
2025-05-15 10:00:00,2.19
2025-05-15 10:15:00,3.39
2025-05-15 10:30:00,4.32
2025-05-15 10:45:00,4.38
2025-05-15 11:00:00,4.26
2025-05-15 11:15:00,5.45
2025-05-15 11:30:00,3.62
2025-05-15 11:45:00,3.32
2025-05-15 12:00:00,2.94
2025-05-15 12:15:00,1.87
2025-05-15 12:30:00,1.92
2025-05-15 12:45:00,1.93
2025-05-15 13:00:00,0.862
2025-05-15 13:15:00,0.437
2025-05-15 13:30:00,0.298
2025-05-15 13:45:00,1.86
2025-05-15 14:00:00,2.08
2025-05-15 14:15:00,0.791
2025-05-15 14:30:00,0.0300
2025-05-15 14:45:00,0.272
2025-05-15 15:00:00,0.284
2025-05-15 15:15:00,0.0710
2025-05-15 15:30:00,0.771
2025-05-15 15:45:00,1.77
2025-05-15 16:00:00,1.61
2025-05-15 16:15:00,0.822
2025-05-15 16:30:00,0.00833
2025-05-15 16:45:00,-0.034
2025-05-15 17:00:00,-0.15
2025-05-15 17:15:00,-0.021
2025-05-15 17:30:00,3.32
2025-05-15 17:45:00,7.32
2025-05-15 18:00:00,7.02
2025-05-15 18:15:00,7.04
2025-05-15 18:30:00,7.35
2025-05-15 18:45:00,8.64
2025-05-15 19:00:00,5.28
2025-05-15 19:15:00,5.15
2025-05-15 19:30:00,2.52
2025-05-15 19:45:00,1.02
2025-05-15 20:00:00,2.65
2025-05-15 20:15:00,6.52
2025-05-15 20:30:00,6.42
2025-05-15 20:45:00,6.43
2025-05-15 21:00:00,6.36
2025-05-15 21:15:00,5.46
2025-05-15 21:30:00,5.46
2025-05-15 21:45:00,2.42
2025-05-15 22:00:00,1.70
2025-05-15 22:15:00,0.242
2025-05-15 22:30:00,0.238
2025-05-15 22:45:00,0.257
2025-05-15 23:00:00,0.243
2025-05-15 23:15:00,0.760
2025-05-15 23:30:00,2.16
2025-05-15 23:45:00,1.89
2025-05-16 00:00:00,0.243
2025-05-16 00:15:00,0.248
2025-05-16 00:30:00,0.218
2025-05-16 00:45:00,0.208
2025-05-16 01:00:00,0.277
2025-05-16 01:15:00,0.252
2025-05-16 01:30:00,0.230
2025-05-16 01:45:00,0.194
2025-05-16 02:00:00,0.255
2025-05-16 02:15:00,0.255
2025-05-16 02:30:00,0.236
2025-05-16 02:45:00,0.198
2025-05-16 03:00:00,0.223
2025-05-16 03:15:00,1.68
2025-05-16 03:30:00,2.11
2025-05-16 03:45:00,0.203
2025-05-16 04:00:00,0.203
2025-05-16 04:15:00,0.253
2025-05-16 04:30:00,0.242
2025-05-16 04:45:00,0.196
2025-05-16 05:00:00,0.236
2025-05-16 05:15:00,0.245
2025-05-16 05:30:00,0.236
2025-05-16 05:45:00,0.207
2025-05-16 06:00:00,0.224
2025-05-16 06:15:00,0.247
2025-05-16 06:30:00,0.249
2025-05-16 06:45:00,0.210
2025-05-16 07:00:00,-0.28
2025-05-16 07:15:00,0.937
2025-05-16 07:30:00,1.72
2025-05-16 07:45:00,2.23
2025-05-16 08:00:00,3.72
2025-05-16 08:15:00,5.84
2025-05-16 08:30:00,6.13
2025-05-16 08:45:00,4.95
2025-05-16 09:00:00,4.78
2025-05-16 09:15:00,4.59
2025-05-16 09:30:00,4.61
2025-05-16 09:45:00,5.48
2025-05-16 10:00:00,6.45
2025-05-16 10:15:00,6.43
2025-05-16 10:30:00,5.59
2025-05-16 10:45:00,3.59
2025-05-16 11:00:00,3.58
2025-05-16 11:15:00,3.61
2025-05-16 11:30:00,3.35
2025-05-16 11:45:00,3.40
2025-05-16 12:00:00,3.37
2025-05-16 12:15:00,3.23
2025-05-16 12:30:00,3.41
2025-05-16 12:45:00,2.22
2025-05-16 13:00:00,1.34
2025-05-16 13:15:00,1.75
2025-05-16 13:30:00,3.73
2025-05-16 13:45:00,3.67
2025-05-16 14:00:00,3.93
2025-05-16 14:15:00,0.868
2025-05-16 14:30:00,-0.18
2025-05-16 14:45:00,-0.21
2025-05-16 15:00:00,-0.049
2025-05-16 15:15:00,1.45
2025-05-16 15:30:00,1.83
2025-05-16 15:45:00,0.577
2025-05-16 16:00:00,-0.012
2025-05-16 16:15:00,0.325
2025-05-16 16:30:00,5.22
2025-05-16 16:45:00,5.20
2025-05-16 17:00:00,5.22
2025-05-16 17:15:00,7.80
2025-05-16 17:30:00,4.89
2025-05-16 17:45:00,4.14
2025-05-16 18:00:00,4.58
2025-05-16 18:15:00,2.95
2025-05-16 18:30:00,2.70
2025-05-16 18:45:00,2.79
2025-05-16 19:00:00,2.88
2025-05-16 19:15:00,3.22
2025-05-16 19:30:00,1.86
2025-05-16 19:45:00,0.778
2025-05-16 20:00:00,0.182
2025-05-16 20:15:00,0.0486
2025-05-16 20:30:00,-0.30
2025-05-16 20:45:00,-0.29
2025-05-16 21:00:00,-0.28
2025-05-16 21:15:00,-0.33
2025-05-16 21:30:00,-0.35
2025-05-16 21:45:00,-0.23
2025-05-16 22:00:00,0.246
2025-05-16 22:15:00,1.51
2025-05-16 22:30:00,1.97
2025-05-16 22:45:00,0.527
2025-05-16 23:00:00,-0.0017
2025-05-16 23:15:00,0.146
2025-05-16 23:30:00,0.141
2025-05-16 23:45:00,0.158
2025-05-17 00:00:00,0.144
2025-05-17 00:15:00,1.70
2025-05-17 00:30:00,1.74
2025-05-17 00:45:00,0.512
2025-05-17 01:00:00,0.0306
2025-05-17 01:15:00,0.0650
2025-05-17 01:30:00,0.0700
2025-05-17 01:45:00,0.173
2025-05-17 02:00:00,0.151
2025-05-17 02:15:00,0.0329
2025-05-17 02:30:00,0.0817
2025-05-17 02:45:00,0.0708
2025-05-17 03:00:00,0.0546
2025-05-17 03:15:00,0.0282
2025-05-17 03:30:00,0.0677
2025-05-17 03:45:00,0.124
2025-05-17 04:00:00,0.192
2025-05-17 04:15:00,0.0237
2025-05-17 04:30:00,0.0889
2025-05-17 04:45:00,0.0845
2025-05-17 05:00:00,0.0644
2025-05-17 05:15:00,1.98
2025-05-17 05:30:00,1.40
2025-05-17 05:45:00,0.0575
2025-05-17 06:00:00,0.211
2025-05-17 06:15:00,0.119
2025-05-17 06:30:00,0.0678
2025-05-17 06:45:00,0.0812
2025-05-17 07:00:00,-0.0041
2025-05-17 07:15:00,-0.19
2025-05-17 07:30:00,0.114
2025-05-17 07:45:00,0.210
2025-05-17 08:00:00,0.355
2025-05-17 08:15:00,0.383
2025-05-17 08:30:00,0.0600
2025-05-17 08:45:00,0.00314
2025-05-17 09:00:00,4.78
2025-05-17 09:15:00,7.82
2025-05-17 09:30:00,8.29
2025-05-17 09:45:00,9.65
2025-05-17 10:00:00,8.77
2025-05-17 10:15:00,7.96
2025-05-17 10:30:00,8.09
2025-05-17 10:45:00,7.74
2025-05-17 11:00:00,7.87
2025-05-17 11:15:00,9.33
2025-05-17 11:30:00,9.50
2025-05-17 11:45:00,8.81
2025-05-17 12:00:00,8.30
2025-05-17 12:15:00,8.28
2025-05-17 12:30:00,8.21
2025-05-17 12:45:00,5.96
2025-05-17 13:00:00,2.85
2025-05-17 13:15:00,0.273
2025-05-17 13:30:00,0.288
2025-05-17 13:45:00,0.444
2025-05-17 14:00:00,2.15
2025-05-17 14:15:00,1.66
2025-05-17 14:30:00,1.59
2025-05-17 14:45:00,0.501
2025-05-17 15:00:00,0.0741
2025-05-17 15:15:00,0.129
2025-05-17 15:30:00,0.156
2025-05-17 15:45:00,0.0839
2025-05-17 16:00:00,-0.19
2025-05-17 16:15:00,-0.29
2025-05-17 16:30:00,-0.27
2025-05-17 16:45:00,-0.30
2025-05-17 17:00:00,-0.22
2025-05-17 17:15:00,1.72
2025-05-17 17:30:00,1.65
2025-05-17 17:45:00,0.283
2025-05-17 18:00:00,0.147
2025-05-17 18:15:00,0.191
2025-05-17 18:30:00,0.140
2025-05-17 18:45:00,0.0961
2025-05-17 19:00:00,0.960
2025-05-17 19:15:00,1.98
2025-05-17 19:30:00,0.931
2025-05-17 19:45:00,0.0623
2025-05-17 20:00:00,0.127
2025-05-17 20:15:00,0.132
2025-05-17 20:30:00,0.113
2025-05-17 20:45:00,0.0694
2025-05-17 21:00:00,0.207
2025-05-17 21:15:00,0.219
2025-05-17 21:30:00,0.0633
2025-05-17 21:45:00,0.104
2025-05-17 22:00:00,1.40
2025-05-17 22:15:00,1.57
2025-05-17 22:30:00,0.588
2025-05-17 22:45:00,0.194
2025-05-17 23:00:00,0.250
2025-05-17 23:15:00,0.120
2025-05-17 23:30:00,0.0873
2025-05-17 23:45:00,0.0594
2025-05-18 00:00:00,1.71
2025-05-18 00:15:00,2.07
2025-05-18 00:30:00,0.439
2025-05-18 00:45:00,0.273
2025-05-18 01:00:00,0.155
2025-05-18 01:15:00,0.172
2025-05-18 01:30:00,0.0936
2025-05-18 01:45:00,0.111
2025-05-18 02:00:00,0.0710
2025-05-18 02:15:00,0.218
2025-05-18 02:30:00,0.385
2025-05-18 02:45:00,0.236
2025-05-18 03:00:00,0.218
2025-05-18 03:15:00,0.212
2025-05-18 03:30:00,0.183
2025-05-18 03:45:00,1.26
2025-05-18 04:00:00,1.72
2025-05-18 04:15:00,0.894
2025-05-18 04:30:00,0.185
2025-05-18 04:45:00,0.160
2025-05-18 05:00:00,0.197
2025-05-18 05:15:00,0.193
2025-05-18 05:30:00,0.156
2025-05-18 05:45:00,0.175
2025-05-18 06:00:00,0.339
2025-05-18 06:15:00,0.266
2025-05-18 06:30:00,0.165
2025-05-18 06:45:00,0.109
2025-05-18 07:00:00,-0.63
2025-05-18 07:15:00,-0.21
2025-05-18 07:30:00,-0.15
2025-05-18 07:45:00,-0.020
2025-05-18 08:00:00,0.323
2025-05-18 08:15:00,1.71
2025-05-18 08:30:00,0.535
2025-05-18 08:45:00,-0.36
2025-05-18 09:00:00,-0.32
2025-05-18 09:15:00,-0.30
2025-05-18 09:30:00,-0.16
2025-05-18 09:45:00,-0.24
2025-05-18 10:00:00,-0.29
2025-05-18 10:15:00,0.920
2025-05-18 10:30:00,1.50
2025-05-18 10:45:00,0.102
2025-05-18 11:00:00,-0.18
2025-05-18 11:15:00,-0.096
2025-05-18 11:30:00,-0.24
2025-05-18 11:45:00,-0.28
2025-05-18 12:00:00,-0.26
2025-05-18 12:15:00,0.00382
2025-05-18 12:30:00,0.0900
2025-05-18 12:45:00,0.120
2025-05-18 13:00:00,0.284
2025-05-18 13:15:00,1.41
2025-05-18 13:30:00,1.87
2025-05-18 13:45:00,0.333
2025-05-18 14:00:00,-0.18
2025-05-18 14:15:00,-0.20
2025-05-18 14:30:00,-0.18
2025-05-18 14:45:00,-0.10
2025-05-18 15:00:00,0.0141
2025-05-18 15:15:00,0.437
2025-05-18 15:30:00,1.72
2025-05-18 15:45:00,1.55
2025-05-18 16:00:00,0.0987
2025-05-18 16:15:00,-0.098
2025-05-18 16:30:00,-0.13
2025-05-18 16:45:00,0.0681
2025-05-18 17:00:00,0.0356
2025-05-18 17:15:00,1.76
2025-05-18 17:30:00,5.22
2025-05-18 17:45:00,5.23
2025-05-18 18:00:00,1.84
2025-05-18 18:15:00,0.555
2025-05-18 18:30:00,1.54
2025-05-18 18:45:00,1.25
2025-05-18 19:00:00,0.163
2025-05-18 19:15:00,0.109
2025-05-18 19:30:00,0.0732
2025-05-18 19:45:00,0.118
2025-05-18 20:00:00,0.479
2025-05-18 20:15:00,1.94
2025-05-18 20:30:00,1.51
2025-05-18 20:45:00,0.0763
2025-05-18 21:00:00,0.111
2025-05-18 21:15:00,0.188
2025-05-18 21:30:00,0.127
2025-05-18 21:45:00,0.116
2025-05-18 22:00:00,0.0923
2025-05-18 22:15:00,0.0575
2025-05-18 22:30:00,0.0752
2025-05-18 22:45:00,0.0877
2025-05-18 23:00:00,0.113
2025-05-18 23:15:00,0.397
2025-05-18 23:30:00,2.05
2025-05-18 23:45:00,1.26
2025-05-19 00:00:00,0.0809
2025-05-19 00:15:00,0.0410
2025-05-19 00:30:00,0.0794
2025-05-19 00:45:00,0.0809
2025-05-19 01:00:00,0.0703
2025-05-19 01:15:00,0.189
2025-05-19 01:30:00,0.153
2025-05-19 01:45:00,0.0681
2025-05-19 02:00:00,0.0653
2025-05-19 02:15:00,0.0332
2025-05-19 02:30:00,0.0712
2025-05-19 02:45:00,0.102
2025-05-19 03:00:00,0.0670
2025-05-19 03:15:00,0.136
2025-05-19 03:30:00,0.244
2025-05-19 03:45:00,0.0894
2025-05-19 04:00:00,1.42
2025-05-19 04:15:00,1.62
2025-05-19 04:30:00,0.369
2025-05-19 04:45:00,0.109
2025-05-19 05:00:00,0.0400
2025-05-19 05:15:00,0.0941
2025-05-19 05:30:00,0.271
2025-05-19 05:45:00,0.205
2025-05-19 06:00:00,0.109
2025-05-19 06:15:00,0.115
2025-05-19 06:30:00,0.0806
2025-05-19 06:45:00,0.0945
2025-05-19 07:00:00,0.0932
2025-05-19 07:15:00,0.683
2025-05-19 07:30:00,1.98
2025-05-19 07:45:00,0.964
2025-05-19 08:00:00,0.0617
2025-05-19 08:15:00,0.240
2025-05-19 08:30:00,0.164
2025-05-19 08:45:00,0.0648
2025-05-19 09:00:00,0.109
2025-05-19 09:15:00,0.0387
2025-05-19 09:30:00,2.50
2025-05-19 09:45:00,3.52
2025-05-19 10:00:00,2.86
2025-05-19 10:15:00,2.97
2025-05-19 10:30:00,2.23
2025-05-19 10:45:00,2.36
2025-05-19 11:00:00,4.16
2025-05-19 11:15:00,4.14
2025-05-19 11:30:00,4.91
2025-05-19 11:45:00,5.10
2025-05-19 12:00:00,2.59
2025-05-19 12:15:00,2.56
2025-05-19 12:30:00,3.00
2025-05-19 12:45:00,1.92
2025-05-19 13:00:00,1.05
2025-05-19 13:15:00,1.24
2025-05-19 13:30:00,2.31
2025-05-19 13:45:00,3.19
2025-05-19 14:00:00,3.31
2025-05-19 14:15:00,3.42
2025-05-19 14:30:00,1.39
2025-05-19 14:45:00,1.35
2025-05-19 15:00:00,1.44
2025-05-19 15:15:00,1.61
2025-05-19 15:30:00,1.95
2025-05-19 15:45:00,1.35
2025-05-19 16:00:00,0.655
2025-05-19 16:15:00,1.73
2025-05-19 16:30:00,3.03
2025-05-19 16:45:00,3.07
2025-05-19 17:00:00,3.08
2025-05-19 17:15:00,3.07
2025-05-19 17:30:00,3.07
2025-05-19 17:45:00,3.23
2025-05-19 18:00:00,2.96
2025-05-19 18:15:00,5.00
2025-05-19 18:30:00,4.91
2025-05-19 18:45:00,4.61
2025-05-19 19:00:00,3.77
2025-05-19 19:15:00,2.28
2025-05-19 19:30:00,3.70
2025-05-19 19:45:00,6.25
2025-05-19 20:00:00,6.56
2025-05-19 20:15:00,8.20
2025-05-19 20:30:00,7.21
2025-05-19 20:45:00,6.71
2025-05-19 21:00:00,6.98
2025-05-19 21:15:00,7.92
2025-05-19 21:30:00,8.11
2025-05-19 21:45:00,6.40
2025-05-19 22:00:00,3.09
2025-05-19 22:15:00,3.14
2025-05-19 22:30:00,3.18
2025-05-19 22:45:00,3.17
2025-05-19 23:00:00,0.270
2025-05-19 23:15:00,1.46
2025-05-19 23:30:00,1.60
2025-05-19 23:45:00,1.69
2025-05-20 00:00:00,1.38
2025-05-20 00:15:00,0.0794
2025-05-20 00:30:00,0.0879
2025-05-20 00:45:00,0.0422
2025-05-20 01:00:00,0.0853
2025-05-20 01:15:00,0.0909
2025-05-20 01:30:00,0.0573
2025-05-20 01:45:00,0.0632
2025-05-20 02:00:00,0.0983
2025-05-20 02:15:00,0.106
2025-05-20 02:30:00,0.0309
2025-05-20 02:45:00,0.0746
2025-05-20 03:00:00,0.0821
2025-05-20 03:15:00,0.0749
2025-05-20 03:30:00,0.0538
2025-05-20 03:45:00,0.337
2025-05-20 04:00:00,1.64
2025-05-20 04:15:00,1.41
2025-05-20 04:30:00,0.133
2025-05-20 04:45:00,0.0987
2025-05-20 05:00:00,0.0858
2025-05-20 05:15:00,0.0383
2025-05-20 05:30:00,0.143
2025-05-20 05:45:00,0.248
2025-05-20 06:00:00,0.205
2025-05-20 06:15:00,0.205
2025-05-20 06:30:00,2.68
2025-05-20 06:45:00,2.63
2025-05-20 07:00:00,4.09
2025-05-20 07:15:00,2.74
2025-05-20 07:30:00,2.26
2025-05-20 07:45:00,2.58
2025-05-20 08:00:00,3.62
2025-05-20 08:15:00,3.78
2025-05-20 08:30:00,3.84
2025-05-20 08:45:00,2.91
2025-05-20 09:00:00,3.31
2025-05-20 09:15:00,2.33
2025-05-20 09:30:00,2.36
2025-05-20 09:45:00,2.45
2025-05-20 10:00:00,3.11
2025-05-20 10:15:00,2.45
2025-05-20 10:30:00,3.68
2025-05-20 10:45:00,7.61
2025-05-20 11:00:00,7.57
2025-05-20 11:15:00,5.64
2025-05-20 11:30:00,5.62
2025-05-20 11:45:00,6.15
2025-05-20 12:00:00,5.35
2025-05-20 12:15:00,2.99
2025-05-20 12:30:00,2.74
2025-05-20 12:45:00,3.89
2025-05-20 13:00:00,4.83
2025-05-20 13:15:00,3.79
2025-05-20 13:30:00,2.57
2025-05-20 13:45:00,3.17
2025-05-20 14:00:00,2.99
2025-05-20 14:15:00,2.98
2025-05-20 14:30:00,3.18
2025-05-20 14:45:00,3.62
2025-05-20 15:00:00,3.97
2025-05-20 15:15:00,3.82
2025-05-20 15:30:00,3.09
2025-05-20 15:45:00,1.11
2025-05-20 16:00:00,0.233
2025-05-20 16:15:00,0.189
2025-05-20 16:30:00,0.207
2025-05-20 16:45:00,0.289
2025-05-20 17:00:00,0.302
2025-05-20 17:15:00,3.25
2025-05-20 17:30:00,3.30
2025-05-20 17:45:00,5.33
2025-05-20 18:00:00,5.18
2025-05-20 18:15:00,3.63
2025-05-20 18:30:00,3.75
2025-05-20 18:45:00,3.80
2025-05-20 19:00:00,3.53
2025-05-20 19:15:00,0.882
2025-05-20 19:30:00,0.805
2025-05-20 19:45:00,0.847
2025-05-20 20:00:00,0.807
2025-05-20 20:15:00,0.783
2025-05-20 20:30:00,2.04
2025-05-20 20:45:00,2.71
2025-05-20 21:00:00,1.40
2025-05-20 21:15:00,0.812
2025-05-20 21:30:00,0.799
2025-05-20 21:45:00,0.746
2025-05-20 22:00:00,0.759
2025-05-20 22:15:00,2.28
2025-05-20 22:30:00,2.90
2025-05-20 22:45:00,2.28
2025-05-20 23:00:00,1.18
2025-05-20 23:15:00,3.89
2025-05-20 23:30:00,4.24
2025-05-20 23:45:00,4.23
2025-05-21 00:00:00,4.26
2025-05-21 00:15:00,1.72
2025-05-21 00:30:00,1.17
2025-05-21 00:45:00,1.18
2025-05-21 01:00:00,1.23
2025-05-21 01:15:00,1.21
2025-05-21 01:30:00,1.74
2025-05-21 01:45:00,3.23
2025-05-21 02:00:00,1.99
2025-05-21 02:15:00,1.33
2025-05-21 02:30:00,1.35
2025-05-21 02:45:00,1.38
2025-05-21 03:00:00,1.29
2025-05-21 03:15:00,1.17
2025-05-21 03:30:00,1.24
2025-05-21 03:45:00,1.24
2025-05-21 04:00:00,1.24
2025-05-21 04:15:00,1.25
2025-05-21 04:30:00,1.24
2025-05-21 04:45:00,1.24
2025-05-21 05:00:00,1.20
2025-05-21 05:15:00,1.29
2025-05-21 05:30:00,1.30
2025-05-21 05:45:00,1.19
2025-05-21 06:00:00,0.151
2025-05-21 06:15:00,1.32
2025-05-21 06:30:00,4.18
2025-05-21 06:45:00,5.30
2025-05-21 07:00:00,3.91
2025-05-21 07:15:00,3.63
2025-05-21 07:30:00,4.00
2025-05-21 07:45:00,4.78
2025-05-21 08:00:00,3.93
2025-05-21 08:15:00,3.90
2025-05-21 08:30:00,4.67
2025-05-21 08:45:00,3.92
2025-05-21 09:00:00,3.59
2025-05-21 09:15:00,3.69
2025-05-21 09:30:00,5.47
2025-05-21 09:45:00,4.00
2025-05-21 10:00:00,4.90
2025-05-21 10:15:00,6.54
2025-05-21 10:30:00,6.54
2025-05-21 10:45:00,5.66
2025-05-21 11:00:00,5.75
2025-05-21 11:15:00,4.63
2025-05-21 11:30:00,2.92
2025-05-21 11:45:00,2.58
2025-05-21 12:00:00,6.45
2025-05-21 12:15:00,10.3
2025-05-21 12:30:00,8.80
2025-05-21 12:45:00,7.77
2025-05-21 13:00:00,7.74
2025-05-21 13:15:00,8.84
2025-05-21 13:30:00,7.82
2025-05-21 13:45:00,7.77
2025-05-21 14:00:00,7.92
2025-05-21 14:15:00,10.2
2025-05-21 14:30:00,9.65
2025-05-21 14:45:00,8.81
2025-05-21 15:00:00,7.62
2025-05-21 15:15:00,7.75
2025-05-21 15:30:00,6.66
2025-05-21 15:45:00,3.38
2025-05-21 16:00:00,2.87
2025-05-21 16:15:00,1.45
2025-05-21 16:30:00,0.243
2025-05-21 16:45:00,0.491
2025-05-21 17:00:00,0.462
2025-05-21 17:15:00,2.97
2025-05-21 17:30:00,2.75
2025-05-21 17:45:00,2.72
2025-05-21 18:00:00,2.73
2025-05-21 18:15:00,2.95
2025-05-21 18:30:00,6.92
2025-05-21 18:45:00,9.92
2025-05-21 19:00:00,8.78
2025-05-21 19:15:00,8.67
2025-05-21 19:30:00,8.69
2025-05-21 19:45:00,8.70
2025-05-21 20:00:00,8.99
2025-05-21 20:15:00,10.1
2025-05-21 20:30:00,8.91
2025-05-21 20:45:00,9.01
2025-05-21 21:00:00,8.87
2025-05-21 21:15:00,8.61
2025-05-21 21:30:00,7.85
2025-05-21 21:45:00,3.90
2025-05-21 22:00:00,3.17
2025-05-21 22:15:00,3.21
2025-05-21 22:30:00,3.22
2025-05-21 22:45:00,3.25
2025-05-21 23:00:00,1.05
2025-05-21 23:15:00,0.103
2025-05-21 23:30:00,1.49
2025-05-21 23:45:00,1.59
2025-05-22 00:00:00,0.928
2025-05-22 00:15:00,0.104
2025-05-22 00:30:00,0.0643
2025-05-22 00:45:00,0.0734
2025-05-22 01:00:00,0.0594
2025-05-22 01:15:00,0.0607
2025-05-22 01:30:00,0.0639
2025-05-22 01:45:00,1.78
2025-05-22 02:00:00,2.11
2025-05-22 02:15:00,0.379
2025-05-22 02:30:00,0.248
2025-05-22 02:45:00,0.266
2025-05-22 03:00:00,0.0829
2025-05-22 03:15:00,0.0940
2025-05-22 03:30:00,0.0642
2025-05-22 03:45:00,0.0564
2025-05-22 04:00:00,0.0807
2025-05-22 04:15:00,0.0564
2025-05-22 04:30:00,0.0694
2025-05-22 04:45:00,0.0565
2025-05-22 05:00:00,0.0761
2025-05-22 05:15:00,0.0707
2025-05-22 05:30:00,0.105
2025-05-22 05:45:00,0.0722
2025-05-22 06:00:00,1.33
2025-05-22 06:15:00,3.84
2025-05-22 06:30:00,5.02
2025-05-22 06:45:00,4.76
2025-05-22 07:00:00,2.78
2025-05-22 07:15:00,2.77
2025-05-22 07:30:00,3.61
2025-05-22 07:45:00,2.61
2025-05-22 08:00:00,2.57
2025-05-22 08:15:00,3.21
2025-05-22 08:30:00,3.07
2025-05-22 08:45:00,2.75
2025-05-22 09:00:00,2.74
2025-05-22 09:15:00,4.20
2025-05-22 09:30:00,4.57
2025-05-22 09:45:00,4.73
2025-05-22 10:00:00,5.85
2025-05-22 10:15:00,4.66
2025-05-22 10:30:00,4.61
2025-05-22 10:45:00,4.61
2025-05-22 11:00:00,4.60
2025-05-22 11:15:00,4.85
2025-05-22 11:30:00,4.64
2025-05-22 11:45:00,4.74
2025-05-22 12:00:00,1.65
2025-05-22 12:15:00,1.82
2025-05-22 12:30:00,1.79
2025-05-22 12:45:00,1.84
2025-05-22 13:00:00,1.85
2025-05-22 13:15:00,1.82
2025-05-22 13:30:00,1.79
2025-05-22 13:45:00,1.75
2025-05-22 14:00:00,1.82
2025-05-22 14:15:00,1.79
2025-05-22 14:30:00,2.51
2025-05-22 14:45:00,2.32
2025-05-22 15:00:00,2.43
2025-05-22 15:15:00,2.92
2025-05-22 15:30:00,5.44
2025-05-22 15:45:00,5.40
2025-05-22 16:00:00,5.25
2025-05-22 16:15:00,4.02
2025-05-22 16:30:00,3.53
2025-05-22 16:45:00,3.36
2025-05-22 17:00:00,0.492
2025-05-22 17:15:00,0.191
2025-05-22 17:30:00,4.12
2025-05-22 17:45:00,7.38
2025-05-22 18:00:00,7.94
2025-05-22 18:15:00,8.12
2025-05-22 18:30:00,8.10
2025-05-22 18:45:00,8.18
2025-05-22 19:00:00,5.75
2025-05-22 19:15:00,2.76
2025-05-22 19:30:00,0.260
2025-05-22 19:45:00,0.319
2025-05-22 20:00:00,0.201
2025-05-22 20:15:00,-0.19
2025-05-22 20:30:00,-0.25
2025-05-22 20:45:00,-0.26
2025-05-22 21:00:00,-0.22
2025-05-22 21:15:00,-0.24
2025-05-22 21:30:00,-0.23
2025-05-22 21:45:00,-0.23
2025-05-22 22:00:00,0.122
2025-05-22 22:15:00,0.117
2025-05-22 22:30:00,0.131
2025-05-22 22:45:00,0.124
2025-05-22 23:00:00,0.0950
2025-05-22 23:15:00,0.104
2025-05-22 23:30:00,0.109
2025-05-22 23:45:00,0.111
2025-05-23 00:00:00,0.120
2025-05-23 00:15:00,0.0900
2025-05-23 00:30:00,0.0981
2025-05-23 00:45:00,0.0743
2025-05-23 01:00:00,0.109
2025-05-23 01:15:00,0.0758
2025-05-23 01:30:00,0.113
2025-05-23 01:45:00,0.0922
2025-05-23 02:00:00,0.0767
2025-05-23 02:15:00,0.0966
2025-05-23 02:30:00,0.0623
2025-05-23 02:45:00,0.0931
2025-05-23 03:00:00,0.0878
2025-05-23 03:15:00,0.0983
2025-05-23 03:30:00,0.0603
2025-05-23 03:45:00,0.0878
2025-05-23 04:00:00,0.0715
2025-05-23 04:15:00,0.101
2025-05-23 04:30:00,0.0859
2025-05-23 04:45:00,0.136
2025-05-23 05:00:00,0.274
2025-05-23 05:15:00,0.229
2025-05-23 05:30:00,0.228
2025-05-23 05:45:00,0.0655
2025-05-23 06:00:00,0.828
2025-05-23 06:15:00,3.63
2025-05-23 06:30:00,3.79
2025-05-23 06:45:00,3.12
2025-05-23 07:00:00,2.16
2025-05-23 07:15:00,2.47
2025-05-23 07:30:00,3.58
2025-05-23 07:45:00,2.76
2025-05-23 08:00:00,2.56
2025-05-23 08:15:00,2.75
2025-05-23 08:30:00,7.22
2025-05-23 08:45:00,6.67
2025-05-23 09:00:00,6.74
2025-05-23 09:15:00,9.68
2025-05-23 09:30:00,9.75
2025-05-23 09:45:00,9.48
2025-05-23 10:00:00,9.48
2025-05-23 10:15:00,10.3
2025-05-23 10:30:00,8.57
2025-05-23 10:45:00,7.21
2025-05-23 11:00:00,5.84
2025-05-23 11:15:00,5.65
2025-05-23 11:30:00,5.47
2025-05-23 11:45:00,5.51
2025-05-23 12:00:00,5.52
2025-05-23 12:15:00,5.57
2025-05-23 12:30:00,5.56
2025-05-23 12:45:00,5.57
2025-05-23 13:00:00,6.06
2025-05-23 13:15:00,4.21
2025-05-23 13:30:00,4.18
2025-05-23 13:45:00,4.15
2025-05-23 14:00:00,4.25
2025-05-23 14:15:00,4.22
2025-05-23 14:30:00,4.09
2025-05-23 14:45:00,4.10
2025-05-23 15:00:00,4.06
2025-05-23 15:15:00,4.00
2025-05-23 15:30:00,4.04
2025-05-23 15:45:00,4.10
2025-05-23 16:00:00,4.09
2025-05-23 16:15:00,3.76
2025-05-23 16:30:00,4.28
2025-05-23 16:45:00,4.22
2025-05-23 17:00:00,4.35
2025-05-23 17:15:00,4.32
2025-05-23 17:30:00,5.50
2025-05-23 17:45:00,3.29
2025-05-23 18:00:00,3.94
2025-05-23 18:15:00,3.90
2025-05-23 18:30:00,3.83
2025-05-23 18:45:00,2.71
2025-05-23 19:00:00,3.37
2025-05-23 19:15:00,1.53
2025-05-23 19:30:00,0.965
2025-05-23 19:45:00,1.16
2025-05-23 20:00:00,0.541
2025-05-23 20:15:00,0.263
2025-05-23 20:30:00,0.284
2025-05-23 20:45:00,0.264
2025-05-23 21:00:00,0.244
2025-05-23 21:15:00,0.223
2025-05-23 21:30:00,0.279
2025-05-23 21:45:00,0.264
2025-05-23 22:00:00,0.231
2025-05-23 22:15:00,0.236
2025-05-23 22:30:00,0.264
2025-05-23 22:45:00,0.289
2025-05-23 23:00:00,0.226
2025-05-23 23:15:00,0.241
2025-05-23 23:30:00,0.254
2025-05-23 23:45:00,0.253
2025-05-24 00:00:00,0.217
2025-05-24 00:15:00,0.255
2025-05-24 00:30:00,0.218
2025-05-24 00:45:00,0.213
2025-05-24 01:00:00,0.207
2025-05-24 01:15:00,0.219
2025-05-24 01:30:00,0.212
2025-05-24 01:45:00,0.219
2025-05-24 02:00:00,0.212
2025-05-24 02:15:00,0.202
2025-05-24 02:30:00,0.215
2025-05-24 02:45:00,0.193
2025-05-24 03:00:00,0.222
2025-05-24 03:15:00,0.201
2025-05-24 03:30:00,0.234
2025-05-24 03:45:00,0.230
2025-05-24 04:00:00,0.234
2025-05-24 04:15:00,0.248
2025-05-24 04:30:00,0.209
2025-05-24 04:45:00,0.255
2025-05-24 05:00:00,0.231
2025-05-24 05:15:00,0.243
2025-05-24 05:30:00,0.223
2025-05-24 05:45:00,0.247
2025-05-24 06:00:00,0.239
2025-05-24 06:15:00,0.231
2025-05-24 06:30:00,0.244
2025-05-24 06:45:00,0.218
2025-05-24 07:00:00,0.232
2025-05-24 07:15:00,0.0971
2025-05-24 07:30:00,-0.038
2025-05-24 07:45:00,0.218
2025-05-24 08:00:00,0.262
2025-05-24 08:15:00,0.274
2025-05-24 08:30:00,0.256
2025-05-24 08:45:00,1.54
2025-05-24 09:00:00,4.74
2025-05-24 09:15:00,4.53
2025-05-24 09:30:00,4.54
2025-05-24 09:45:00,4.54
2025-05-24 10:00:00,4.57
2025-05-24 10:15:00,4.56
2025-05-24 10:30:00,4.55
2025-05-24 10:45:00,6.26
2025-05-24 11:00:00,7.27
2025-05-24 11:15:00,7.24
2025-05-24 11:30:00,7.27
2025-05-24 11:45:00,4.35
2025-05-24 12:00:00,3.61
2025-05-24 12:15:00,3.22
2025-05-24 12:30:00,3.15
2025-05-24 12:45:00,3.19
2025-05-24 13:00:00,3.19
2025-05-24 13:15:00,1.74
2025-05-24 13:30:00,0.218
2025-05-24 13:45:00,0.227
2025-05-24 14:00:00,0.247
2025-05-24 14:15:00,0.221
2025-05-24 14:30:00,0.242
2025-05-24 14:45:00,3.55
2025-05-24 15:00:00,4.55
2025-05-24 15:15:00,4.49
2025-05-24 15:30:00,4.50
2025-05-24 15:45:00,4.27
2025-05-24 16:00:00,4.68
2025-05-24 16:15:00,2.61
2025-05-24 16:30:00,2.80
2025-05-24 16:45:00,-0.13
2025-05-24 17:00:00,-0.20
2025-05-24 17:15:00,-0.085
2025-05-24 17:30:00,-0.030
2025-05-24 17:45:00,-0.047
2025-05-24 18:00:00,-0.14
2025-05-24 18:15:00,-0.098
2025-05-24 18:30:00,-0.096
2025-05-24 18:45:00,-0.15
2025-05-24 19:00:00,-0.14
2025-05-24 19:15:00,-0.12
2025-05-24 19:30:00,-0.12
2025-05-24 19:45:00,-0.19
2025-05-24 20:00:00,-0.17
2025-05-24 20:15:00,-0.19
2025-05-24 20:30:00,-0.22
2025-05-24 20:45:00,-0.17
2025-05-24 21:00:00,0.0420
2025-05-24 21:15:00,0.245
2025-05-24 21:30:00,0.259
2025-05-24 21:45:00,0.249
2025-05-24 22:00:00,0.247
2025-05-24 22:15:00,0.235
2025-05-24 22:30:00,0.268
2025-05-24 22:45:00,0.256
2025-05-24 23:00:00,0.289
2025-05-24 23:15:00,0.316
2025-05-24 23:30:00,0.313
2025-05-24 23:45:00,0.335
2025-05-25 00:00:00,0.302
2025-05-25 00:15:00,0.331
2025-05-25 00:30:00,0.297
2025-05-25 00:45:00,0.309
2025-05-25 01:00:00,0.294
2025-05-25 01:15:00,0.304
2025-05-25 01:30:00,0.331
2025-05-25 01:45:00,0.287
2025-05-25 02:00:00,0.298
2025-05-25 02:15:00,0.277
2025-05-25 02:30:00,0.296
2025-05-25 02:45:00,0.290
2025-05-25 03:00:00,0.320
2025-05-25 03:15:00,0.344
2025-05-25 03:30:00,0.461
2025-05-25 03:45:00,0.467
2025-05-25 04:00:00,0.462
2025-05-25 04:15:00,0.422
2025-05-25 04:30:00,0.408
2025-05-25 04:45:00,0.330
2025-05-25 05:00:00,0.248
2025-05-25 05:15:00,0.204
2025-05-25 05:30:00,0.244
2025-05-25 05:45:00,0.240
2025-05-25 06:00:00,0.180
2025-05-25 06:15:00,0.227
2025-05-25 06:30:00,0.207
2025-05-25 06:45:00,0.208
2025-05-25 07:00:00,0.242
2025-05-25 07:15:00,0.231
2025-05-25 07:30:00,0.0902
2025-05-25 07:45:00,0.182
2025-05-25 08:00:00,-0.15
2025-05-25 08:15:00,-0.14
2025-05-25 08:30:00,-0.14
2025-05-25 08:45:00,-0.096
2025-05-25 09:00:00,-0.11
2025-05-25 09:15:00,-0.14
2025-05-25 09:30:00,-0.17
2025-05-25 09:45:00,-0.19
2025-05-25 10:00:00,-0.18
2025-05-25 10:15:00,-0.23
2025-05-25 10:30:00,-0.18
2025-05-25 10:45:00,-0.20
2025-05-25 11:00:00,-0.18
2025-05-25 11:15:00,2.31
2025-05-25 11:30:00,-0.14
2025-05-25 11:45:00,-0.16
2025-05-25 12:00:00,-0.19
2025-05-25 12:15:00,-0.17
2025-05-25 12:30:00,-0.19
2025-05-25 12:45:00,-0.18
2025-05-25 13:00:00,-0.18
2025-05-25 13:15:00,-0.080
2025-05-25 13:30:00,-0.10
2025-05-25 13:45:00,-0.17
2025-05-25 14:00:00,-0.19
2025-05-25 14:15:00,-0.14
2025-05-25 14:30:00,-0.14
2025-05-25 14:45:00,-0.18
2025-05-25 15:00:00,-0.18
2025-05-25 15:15:00,-0.15
2025-05-25 15:30:00,-0.15
2025-05-25 15:45:00,-0.19
2025-05-25 16:00:00,-0.17
2025-05-25 16:15:00,-0.15
2025-05-25 16:30:00,-0.21
2025-05-25 16:45:00,-0.19
2025-05-25 17:00:00,-0.20
2025-05-25 17:15:00,-0.18
2025-05-25 17:30:00,-0.100
2025-05-25 17:45:00,-0.16
2025-05-25 18:00:00,-0.089
2025-05-25 18:15:00,-0.12
2025-05-25 18:30:00,-0.13
2025-05-25 18:45:00,-0.18
2025-05-25 19:00:00,-0.16
2025-05-25 19:15:00,-0.17
2025-05-25 19:30:00,-0.16
2025-05-25 19:45:00,-0.17
2025-05-25 20:00:00,-0.095
2025-05-25 20:15:00,-0.051
2025-05-25 20:30:00,-0.074
2025-05-25 20:45:00,0.103
2025-05-25 21:00:00,0.275
2025-05-25 21:15:00,0.293
2025-05-25 21:30:00,0.242
2025-05-25 21:45:00,0.278
2025-05-25 22:00:00,0.262
2025-05-25 22:15:00,0.259
2025-05-25 22:30:00,0.395
2025-05-25 22:45:00,0.406
2025-05-25 23:00:00,0.345
2025-05-25 23:15:00,0.410
2025-05-25 23:30:00,0.385
2025-05-25 23:45:00,0.335
2025-05-26 00:00:00,0.360
2025-05-26 00:15:00,0.403
2025-05-26 00:30:00,0.362
2025-05-26 00:45:00,0.324
2025-05-26 01:00:00,0.371
2025-05-26 01:15:00,0.362
2025-05-26 01:30:00,0.343
2025-05-26 01:45:00,0.334
2025-05-26 02:00:00,0.366
2025-05-26 02:15:00,0.405
2025-05-26 02:30:00,0.331
2025-05-26 02:45:00,0.365
2025-05-26 03:00:00,0.388
2025-05-26 03:15:00,0.314
2025-05-26 03:30:00,0.354
2025-05-26 03:45:00,0.367
2025-05-26 04:00:00,0.409
2025-05-26 04:15:00,0.344
2025-05-26 04:30:00,0.365
2025-05-26 04:45:00,0.319
2025-05-26 05:00:00,0.329
2025-05-26 05:15:00,0.307
2025-05-26 05:30:00,0.292
2025-05-26 05:45:00,0.273
2025-05-26 06:00:00,1.50
2025-05-26 06:15:00,2.95
2025-05-26 06:30:00,3.96
2025-05-26 06:45:00,2.68
2025-05-26 07:00:00,2.60
2025-05-26 07:15:00,3.01
2025-05-26 07:30:00,3.57
2025-05-26 07:45:00,2.54
2025-05-26 08:00:00,2.83
2025-05-26 08:15:00,3.21
2025-05-26 08:30:00,3.46
2025-05-26 08:45:00,2.82
2025-05-26 09:00:00,2.81
2025-05-26 09:15:00,3.38
2025-05-26 09:30:00,3.12
2025-05-26 09:45:00,2.50
2025-05-26 10:00:00,2.56
2025-05-26 10:15:00,3.42
2025-05-26 10:30:00,2.92
2025-05-26 10:45:00,2.93
2025-05-26 11:00:00,2.43
2025-05-26 11:15:00,2.97
2025-05-26 11:30:00,2.34
2025-05-26 11:45:00,2.97
2025-05-26 12:00:00,2.70
2025-05-26 12:15:00,3.13
2025-05-26 12:30:00,3.51
2025-05-26 12:45:00,2.69
2025-05-26 13:00:00,2.73
2025-05-26 13:15:00,3.14
2025-05-26 13:30:00,3.05
2025-05-26 13:45:00,2.54
2025-05-26 14:00:00,1.95
2025-05-26 14:15:00,1.77
2025-05-26 14:30:00,1.76
2025-05-26 14:45:00,1.79
2025-05-26 15:00:00,1.80
2025-05-26 15:15:00,1.82
2025-05-26 15:30:00,2.13
2025-05-26 15:45:00,6.54
2025-05-26 16:00:00,5.79
2025-05-26 16:15:00,5.00
2025-05-26 16:30:00,5.06
2025-05-26 16:45:00,4.96
2025-05-26 17:00:00,3.23
2025-05-26 17:15:00,2.75
2025-05-26 17:30:00,0.998
2025-05-26 17:45:00,0.881
2025-05-26 18:00:00,0.772
2025-05-26 18:15:00,0.499
2025-05-26 18:30:00,0.194
2025-05-26 18:45:00,0.186
2025-05-26 19:00:00,3.80
2025-05-26 19:15:00,7.04
2025-05-26 19:30:00,6.09
2025-05-26 19:45:00,3.04
2025-05-26 20:00:00,3.58
2025-05-26 20:15:00,6.35
2025-05-26 20:30:00,7.92
2025-05-26 20:45:00,7.94
2025-05-26 21:00:00,7.87
2025-05-26 21:15:00,4.65
2025-05-26 21:30:00,3.83
2025-05-26 21:45:00,0.402
2025-05-26 22:00:00,-0.34
2025-05-26 22:15:00,-0.33
2025-05-26 22:30:00,-0.32
2025-05-26 22:45:00,-0.33
2025-05-26 23:00:00,-0.25
2025-05-26 23:15:00,0.0572
2025-05-26 23:30:00,0.0721
2025-05-26 23:45:00,0.0659
2025-05-27 00:00:00,0.0750
2025-05-27 00:15:00,0.0436
2025-05-27 00:30:00,0.0762
2025-05-27 00:45:00,0.0463
2025-05-27 01:00:00,0.179
2025-05-27 01:15:00,0.210
2025-05-27 01:30:00,0.231
2025-05-27 01:45:00,0.339
2025-05-27 02:00:00,0.326
2025-05-27 02:15:00,0.280
2025-05-27 02:30:00,0.271
2025-05-27 02:45:00,0.237
2025-05-27 03:00:00,0.232
2025-05-27 03:15:00,0.276
2025-05-27 03:30:00,0.280
2025-05-27 03:45:00,0.257
2025-05-27 04:00:00,0.225
2025-05-27 04:15:00,0.264
2025-05-27 04:30:00,0.275
2025-05-27 04:45:00,0.230
2025-05-27 05:00:00,0.228
2025-05-27 05:15:00,0.252
2025-05-27 05:30:00,0.251
2025-05-27 05:45:00,0.201
2025-05-27 06:00:00,0.457
2025-05-27 06:15:00,2.68
2025-05-27 06:30:00,3.98
2025-05-27 06:45:00,2.92
2025-05-27 07:00:00,2.51
2025-05-27 07:15:00,3.41
2025-05-27 07:30:00,5.93
2025-05-27 07:45:00,5.16
2025-05-27 08:00:00,5.29
2025-05-27 08:15:00,5.33
2025-05-27 08:30:00,6.54
2025-05-27 08:45:00,5.38
2025-05-27 09:00:00,5.25
2025-05-27 09:15:00,6.18
2025-05-27 09:30:00,7.98
2025-05-27 09:45:00,7.42
2025-05-27 10:00:00,7.50
2025-05-27 10:15:00,7.01
2025-05-27 10:30:00,5.72
2025-05-27 10:45:00,4.37
2025-05-27 11:00:00,3.83
2025-05-27 11:15:00,3.67
2025-05-27 11:30:00,3.68
2025-05-27 11:45:00,3.66
2025-05-27 12:00:00,3.76
2025-05-27 12:15:00,3.47
2025-05-27 12:30:00,3.52
2025-05-27 12:45:00,3.62
2025-05-27 13:00:00,6.62
2025-05-27 13:15:00,6.06
2025-05-27 13:30:00,6.03
2025-05-27 13:45:00,5.92
2025-05-27 14:00:00,5.89
2025-05-27 14:15:00,6.01
2025-05-27 14:30:00,6.29
2025-05-27 14:45:00,6.56
2025-05-27 15:00:00,6.57
2025-05-27 15:15:00,6.26
2025-05-27 15:30:00,6.18
2025-05-27 15:45:00,5.45
2025-05-27 16:00:00,3.36
2025-05-27 16:15:00,2.70
2025-05-27 16:30:00,1.90
2025-05-27 16:45:00,1.87
2025-05-27 17:00:00,2.07
2025-05-27 17:15:00,2.00
2025-05-27 17:30:00,3.12
2025-05-27 17:45:00,2.97
2025-05-27 18:00:00,3.14
2025-05-27 18:15:00,3.16
2025-05-27 18:30:00,3.25
2025-05-27 18:45:00,3.18
2025-05-27 19:00:00,3.19
2025-05-27 19:15:00,3.18
2025-05-27 19:30:00,3.14
2025-05-27 19:45:00,3.14
2025-05-27 20:00:00,3.20
2025-05-27 20:15:00,3.16
2025-05-27 20:30:00,3.21
2025-05-27 20:45:00,3.22
2025-05-27 21:00:00,3.14
2025-05-27 21:15:00,3.18
2025-05-27 21:30:00,3.18
2025-05-27 21:45:00,3.14
2025-05-27 22:00:00,3.27
2025-05-27 22:15:00,2.42
2025-05-27 22:30:00,2.33
2025-05-27 22:45:00,2.38
2025-05-27 23:00:00,2.38
2025-05-27 23:15:00,2.30
2025-05-27 23:30:00,2.38
2025-05-27 23:45:00,2.38
2025-05-28 00:00:00,2.29
2025-05-28 00:15:00,2.34
2025-05-28 00:30:00,2.30
2025-05-28 00:45:00,2.35
2025-05-28 01:00:00,2.38
2025-05-28 01:15:00,2.34
2025-05-28 01:30:00,2.38
2025-05-28 01:45:00,2.36
2025-05-28 02:00:00,2.26
2025-05-28 02:15:00,2.28
2025-05-28 02:30:00,2.36
2025-05-28 02:45:00,2.34
2025-05-28 03:00:00,2.32
2025-05-28 03:15:00,2.32
2025-05-28 03:30:00,2.24
2025-05-28 03:45:00,2.31
2025-05-28 04:00:00,2.30
2025-05-28 04:15:00,2.23
2025-05-28 04:30:00,2.31
2025-05-28 04:45:00,2.35
2025-05-28 05:00:00,2.47
2025-05-28 05:15:00,2.48
2025-05-28 05:30:00,1.43
2025-05-28 05:45:00,0.336
2025-05-28 06:00:00,1.25
2025-05-28 06:15:00,1.94
2025-05-28 06:30:00,2.82
2025-05-28 06:45:00,4.42
2025-05-28 07:00:00,4.75
2025-05-28 07:15:00,8.84
2025-05-28 07:30:00,5.85
2025-05-28 07:45:00,7.45
2025-05-28 08:00:00,7.76
2025-05-28 08:15:00,6.19
2025-05-28 08:30:00,5.47
2025-05-28 08:45:00,5.27
2025-05-28 09:00:00,6.87
2025-05-28 09:15:00,9.40
2025-05-28 09:30:00,6.76
2025-05-28 09:45:00,5.99
2025-05-28 10:00:00,5.67
2025-05-28 10:15:00,5.35
2025-05-28 10:30:00,4.61
2025-05-28 10:45:00,4.60
2025-05-28 11:00:00,4.67
2025-05-28 11:15:00,4.75
2025-05-28 11:30:00,4.70
2025-05-28 11:45:00,4.72
2025-05-28 12:00:00,5.35
2025-05-28 12:15:00,3.63
2025-05-28 12:30:00,3.63
2025-05-28 12:45:00,3.49
2025-05-28 13:00:00,1.61
2025-05-28 13:15:00,1.46
2025-05-28 13:30:00,1.37
2025-05-28 13:45:00,1.40
2025-05-28 14:00:00,1.38
2025-05-28 14:15:00,1.50
2025-05-28 14:30:00,1.75
2025-05-28 14:45:00,2.77
2025-05-28 15:00:00,3.74
2025-05-28 15:15:00,3.37
2025-05-28 15:30:00,1.69
2025-05-28 15:45:00,1.28
2025-05-28 16:00:00,0.159
2025-05-28 16:15:00,0.521
2025-05-28 16:30:00,0.731
2025-05-28 16:45:00,2.58
2025-05-28 17:00:00,2.28
2025-05-28 17:15:00,0.427
2025-05-28 17:30:00,0.851
2025-05-28 17:45:00,1.26
2025-05-28 18:00:00,0.552
2025-05-28 18:15:00,-0.070
2025-05-28 18:30:00,-0.13
2025-05-28 18:45:00,0.119
2025-05-28 19:00:00,1.04
2025-05-28 19:15:00,1.51
2025-05-28 19:30:00,4.84
2025-05-28 19:45:00,5.88
2025-05-28 20:00:00,4.31
2025-05-28 20:15:00,3.94
2025-05-28 20:30:00,4.07
2025-05-28 20:45:00,4.10
2025-05-28 21:00:00,4.07
2025-05-28 21:15:00,4.26
2025-05-28 21:30:00,4.45
2025-05-28 21:45:00,3.39
2025-05-28 22:00:00,3.40
2025-05-28 22:15:00,3.43
2025-05-28 22:30:00,1.36
2025-05-28 22:45:00,2.18
2025-05-28 23:00:00,1.95
2025-05-28 23:15:00,0.174
2025-05-28 23:30:00,0.165
2025-05-28 23:45:00,0.178
2025-05-29 00:00:00,0.175
2025-05-29 00:15:00,0.213
2025-05-29 00:30:00,0.306
2025-05-29 00:45:00,2.11
2025-05-29 01:00:00,1.65
2025-05-29 01:15:00,0.162
2025-05-29 01:30:00,0.136
2025-05-29 01:45:00,0.129
2025-05-29 02:00:00,0.1000
2025-05-29 02:15:00,0.136
2025-05-29 02:30:00,0.0928
2025-05-29 02:45:00,0.143
2025-05-29 03:00:00,0.194
2025-05-29 03:15:00,0.245
2025-05-29 03:30:00,0.215
2025-05-29 03:45:00,0.228
2025-05-29 04:00:00,0.219
2025-05-29 04:15:00,0.246
2025-05-29 04:30:00,0.275
2025-05-29 04:45:00,0.301
2025-05-29 05:00:00,0.323
2025-05-29 05:15:00,0.845
2025-05-29 05:30:00,2.26
2025-05-29 05:45:00,2.42
2025-05-29 06:00:00,4.11
2025-05-29 06:15:00,4.30
2025-05-29 06:30:00,4.05
2025-05-29 06:45:00,2.65
2025-05-29 07:00:00,2.79
2025-05-29 07:15:00,3.39
2025-05-29 07:30:00,4.72
2025-05-29 07:45:00,5.05
2025-05-29 08:00:00,3.90
2025-05-29 08:15:00,4.27
2025-05-29 08:30:00,3.69
2025-05-29 08:45:00,3.29
2025-05-29 09:00:00,3.26
2025-05-29 09:15:00,4.40
2025-05-29 09:30:00,3.33
2025-05-29 09:45:00,3.21
2025-05-29 10:00:00,3.58
2025-05-29 10:15:00,6.25
2025-05-29 10:30:00,4.41
2025-05-29 10:45:00,2.83
2025-05-29 11:00:00,2.18
2025-05-29 11:15:00,2.18
2025-05-29 11:30:00,3.70
2025-05-29 11:45:00,4.22
2025-05-29 12:00:00,2.84
2025-05-29 12:15:00,1.75
2025-05-29 12:30:00,5.02
2025-05-29 12:45:00,6.17
2025-05-29 13:00:00,6.15
2025-05-29 13:15:00,5.75
2025-05-29 13:30:00,7.65
2025-05-29 13:45:00,7.52
2025-05-29 14:00:00,7.45
2025-05-29 14:15:00,6.11
2025-05-29 14:30:00,5.47
2025-05-29 14:45:00,5.41
2025-05-29 15:00:00,5.70
2025-05-29 15:15:00,4.35
2025-05-29 15:30:00,6.12
2025-05-29 15:45:00,5.52
2025-05-29 16:00:00,4.10
2025-05-29 16:15:00,3.32
2025-05-29 16:30:00,4.28
2025-05-29 16:45:00,4.27
2025-05-29 17:00:00,3.42
2025-05-29 17:15:00,0.979
2025-05-29 17:30:00,5.10
2025-05-29 17:45:00,5.86
2025-05-29 18:00:00,6.07
2025-05-29 18:15:00,5.92
2025-05-29 18:30:00,8.06
2025-05-29 18:45:00,8.35
2025-05-29 19:00:00,8.38
2025-05-29 19:15:00,8.47
2025-05-29 19:30:00,6.47
2025-05-29 19:45:00,5.71
2025-05-29 20:00:00,4.38
2025-05-29 20:15:00,5.52
2025-05-29 20:30:00,6.49
2025-05-29 20:45:00,5.35
2025-05-29 21:00:00,4.49
2025-05-29 21:15:00,4.62
2025-05-29 21:30:00,4.57
2025-05-29 21:45:00,4.23
2025-05-29 22:00:00,4.16
2025-05-29 22:15:00,1.48
2025-05-29 22:30:00,-0.24
2025-05-29 22:45:00,1.57
2025-05-29 23:00:00,1.77
2025-05-29 23:15:00,1.24
2025-05-29 23:30:00,0.129
2025-05-29 23:45:00,0.132
2025-05-30 00:00:00,0.123
2025-05-30 00:15:00,0.126
2025-05-30 00:30:00,0.125
2025-05-30 00:45:00,0.0997
2025-05-30 01:00:00,0.129
2025-05-30 01:15:00,0.101
2025-05-30 01:30:00,0.0754
2025-05-30 01:45:00,1.29
2025-05-30 02:00:00,2.23
2025-05-30 02:15:00,0.528
2025-05-30 02:30:00,0.274
2025-05-30 02:45:00,0.271
2025-05-30 03:00:00,0.278
2025-05-30 03:15:00,0.264
2025-05-30 03:30:00,0.0911
2025-05-30 03:45:00,0.111
2025-05-30 04:00:00,0.0869
2025-05-30 04:15:00,0.107
2025-05-30 04:30:00,0.112
2025-05-30 04:45:00,0.107
2025-05-30 05:00:00,0.763
2025-05-30 05:15:00,2.13
2025-05-30 05:30:00,2.13
2025-05-30 05:45:00,0.253
2025-05-30 06:00:00,3.54
2025-05-30 06:15:00,4.79
2025-05-30 06:30:00,5.40
2025-05-30 06:45:00,3.35
2025-05-30 07:00:00,2.59
2025-05-30 07:15:00,3.72
2025-05-30 07:30:00,3.03
2025-05-30 07:45:00,2.74
2025-05-30 08:00:00,2.83
2025-05-30 08:15:00,3.77
2025-05-30 08:30:00,4.20
2025-05-30 08:45:00,6.96
2025-05-30 09:00:00,8.29
2025-05-30 09:15:00,9.30
2025-05-30 09:30:00,7.34
2025-05-30 09:45:00,2.72
2025-05-30 10:00:00,3.87
2025-05-30 10:15:00,6.89
2025-05-30 10:30:00,6.24
2025-05-30 10:45:00,6.11
2025-05-30 11:00:00,7.87
2025-05-30 11:15:00,8.20
2025-05-30 11:30:00,7.89
2025-05-30 11:45:00,6.32
2025-05-30 12:00:00,5.99
2025-05-30 12:15:00,5.81
2025-05-30 12:30:00,5.85
2025-05-30 12:45:00,5.87
2025-05-30 13:00:00,5.12
2025-05-30 13:15:00,3.56
2025-05-30 13:30:00,6.60
2025-05-30 13:45:00,6.54
2025-05-30 14:00:00,4.79
2025-05-30 14:15:00,4.81
2025-05-30 14:30:00,4.79
2025-05-30 14:45:00,7.48
2025-05-30 15:00:00,10.4
2025-05-30 15:15:00,7.36
2025-05-30 15:30:00,5.94
2025-05-30 15:45:00,5.77
2025-05-30 16:00:00,5.74
2025-05-30 16:15:00,5.39
2025-05-30 16:30:00,2.40
2025-05-30 16:45:00,0.431
2025-05-30 17:00:00,0.422
2025-05-30 17:15:00,1.70
2025-05-30 17:30:00,5.32
2025-05-30 17:45:00,5.50
2025-05-30 18:00:00,4.59
2025-05-30 18:15:00,4.02
2025-05-30 18:30:00,4.07
2025-05-30 18:45:00,1.94
2025-05-30 19:00:00,1.13
2025-05-30 19:15:00,1.12
2025-05-30 19:30:00,1.26
2025-05-30 19:45:00,3.16
2025-05-30 20:00:00,3.19
2025-05-30 20:15:00,1.50
2025-05-30 20:30:00,1.51
2025-05-30 20:45:00,1.58
2025-05-30 21:00:00,1.55
2025-05-30 21:15:00,1.58
2025-05-30 21:30:00,2.52
2025-05-30 21:45:00,3.67
2025-05-30 22:00:00,1.71
2025-05-30 22:15:00,0.192
2025-05-30 22:30:00,0.131
2025-05-30 22:45:00,0.143
2025-05-30 23:00:00,0.145
2025-05-30 23:15:00,0.154
2025-05-30 23:30:00,0.126
2025-05-30 23:45:00,0.149
2025-05-31 00:00:00,0.136
2025-05-31 00:15:00,0.178
2025-05-31 00:30:00,0.868
2025-05-31 00:45:00,2.17
2025-05-31 01:00:00,1.21
2025-05-31 01:15:00,0.161
2025-05-31 01:30:00,0.117
2025-05-31 01:45:00,0.142
2025-05-31 02:00:00,0.118
2025-05-31 02:15:00,0.135
2025-05-31 02:30:00,0.113
2025-05-31 02:45:00,0.808
2025-05-31 03:00:00,2.12
2025-05-31 03:15:00,1.28
2025-05-31 03:30:00,0.119
2025-05-31 03:45:00,0.157
2025-05-31 04:00:00,0.148
2025-05-31 04:15:00,0.176
2025-05-31 04:30:00,0.152
2025-05-31 04:45:00,0.157
2025-05-31 05:00:00,0.125
2025-05-31 05:15:00,0.160
2025-05-31 05:30:00,0.144
2025-05-31 05:45:00,0.159
2025-05-31 06:00:00,0.127
2025-05-31 06:15:00,0.159
2025-05-31 06:30:00,0.125
2025-05-31 06:45:00,1.78
2025-05-31 07:00:00,1.87
2025-05-31 07:15:00,0.105
2025-05-31 07:30:00,0.224
2025-05-31 07:45:00,0.258
2025-05-31 08:00:00,0.234
2025-05-31 08:15:00,0.221
2025-05-31 08:30:00,0.340
2025-05-31 08:45:00,0.360
2025-05-31 09:00:00,0.0975
2025-05-31 09:15:00,-0.083
2025-05-31 09:30:00,-0.14
2025-05-31 09:45:00,-0.14
2025-05-31 10:00:00,0.269
2025-05-31 10:15:00,1.87
2025-05-31 10:30:00,1.86
2025-05-31 10:45:00,0.727
2025-05-31 11:00:00,-0.14
2025-05-31 11:15:00,-0.13
2025-05-31 11:30:00,-0.15
2025-05-31 11:45:00,-0.14
2025-05-31 12:00:00,-0.13
2025-05-31 12:15:00,-0.14
2025-05-31 12:30:00,-0.13
2025-05-31 12:45:00,-0.15
2025-05-31 13:00:00,1.64
2025-05-31 13:15:00,1.82
2025-05-31 13:30:00,1.87
2025-05-31 13:45:00,0.236
2025-05-31 14:00:00,0.261
2025-05-31 14:15:00,0.231
2025-05-31 14:30:00,0.259
2025-05-31 14:45:00,0.233
2025-05-31 15:00:00,0.259
2025-05-31 15:15:00,0.226
2025-05-31 15:30:00,0.245
2025-05-31 15:45:00,0.961
2025-05-31 16:00:00,2.15
2025-05-31 16:15:00,2.17
2025-05-31 16:30:00,0.904
2025-05-31 16:45:00,0.222
2025-05-31 17:00:00,0.257
2025-05-31 17:15:00,0.229
2025-05-31 17:30:00,0.354
2025-05-31 17:45:00,0.277
2025-05-31 18:00:00,0.247
2025-05-31 18:15:00,0.755
2025-05-31 18:30:00,2.15
2025-05-31 18:45:00,3.83
2025-05-31 19:00:00,2.76
2025-05-31 19:15:00,1.68
2025-05-31 19:30:00,0.233
2025-05-31 19:45:00,0.260
2025-05-31 20:00:00,0.154
2025-05-31 20:15:00,0.206
2025-05-31 20:30:00,0.289
2025-05-31 20:45:00,2.15
2025-05-31 21:00:00,1.80
2025-05-31 21:15:00,0.0256
2025-05-31 21:30:00,0.179
2025-05-31 21:45:00,0.178
2025-05-31 22:00:00,0.156
2025-05-31 22:15:00,0.183
2025-05-31 22:30:00,0.151
2025-05-31 22:45:00,0.185
2025-05-31 23:00:00,0.152
2025-05-31 23:15:00,0.322
2025-05-31 23:30:00,2.19
2025-05-31 23:45:00,2.17

