"Time","Fase B"
2025-07-01 01:15:00,1.23
2025-07-01 04:00:00,1.34
2025-07-01 04:45:00,1.44
2025-07-01 05:15:00,1.24
2025-07-01 05:45:00,1.22
2025-07-01 07:30:00,7.04
2025-07-01 07:45:00,8.52
2025-07-01 08:15:00,9.79
2025-07-01 09:00:00,11.8
2025-07-01 12:00:00,4.90
2025-07-01 13:00:00,6.49
2025-07-01 13:15:00,5.73
2025-07-01 14:00:00,8.83
2025-07-01 16:45:00,2.81
2025-07-01 17:15:00,2.85
2025-07-01 17:30:00,2.27
2025-07-01 18:15:00,1.69
2025-07-01 18:30:00,1.69
2025-07-01 20:45:00,4.98
2025-07-01 21:00:00,4.52
2025-07-01 21:15:00,4.98
2025-07-01 21:30:00,4.00
2025-07-01 21:45:00,3.33
2025-07-01 22:00:00,1.74
2025-07-01 22:15:00,1.51
2025-07-01 22:30:00,1.46
2025-07-01 22:45:00,1.43
2025-07-01 23:00:00,1.27
2025-07-01 23:15:00,1.25
2025-07-01 23:30:00,1.32
2025-07-01 23:45:00,1.25
2025-07-02 00:00:00,1.25
2025-07-02 00:15:00,1.32
2025-07-02 00:30:00,1.23
2025-07-02 00:45:00,1.23
2025-07-02 01:00:00,1.29
2025-07-02 01:15:00,1.24
2025-07-02 01:30:00,1.24
2025-07-02 01:45:00,1.32
2025-07-02 02:00:00,1.24
2025-07-02 02:15:00,1.23
2025-07-02 02:30:00,1.23
2025-07-02 02:45:00,1.26
2025-07-02 03:00:00,1.36
2025-07-02 03:15:00,1.40
2025-07-02 03:30:00,1.31
2025-07-02 04:00:00,1.35
2025-07-02 04:15:00,1.24
2025-07-02 04:30:00,1.25
2025-07-02 04:45:00,1.34
2025-07-02 05:00:00,1.22
2025-07-02 05:15:00,1.22
2025-07-02 05:30:00,1.37
2025-07-02 05:45:00,1.24
2025-07-02 06:00:00,1.23
2025-07-02 06:15:00,1.30
2025-07-02 07:00:00,5.33
2025-07-02 07:45:00,6.45
2025-07-02 08:45:00,9.53
2025-07-02 09:00:00,12.1
2025-07-02 09:15:00,11.3
2025-07-02 09:45:00,8.49
2025-07-02 11:30:00,11.7
2025-07-02 13:15:00,6.47
2025-07-02 17:30:00,1.93
2025-07-02 17:45:00,1.72
2025-07-02 20:00:00,6.29
2025-07-02 20:30:00,6.53
2025-07-02 20:45:00,6.40
2025-07-02 21:00:00,4.54
2025-07-02 21:15:00,3.72
2025-07-02 21:30:00,4.44
2025-07-02 21:45:00,4.48
2025-07-02 22:00:00,4.29
2025-07-02 22:15:00,2.51
2025-07-02 22:30:00,1.57
2025-07-02 22:45:00,1.41
2025-07-02 23:00:00,1.45
2025-07-02 23:15:00,1.26
2025-07-02 23:30:00,1.27
2025-07-02 23:45:00,1.31
2025-07-03 00:00:00,1.27
2025-07-03 00:15:00,1.25
2025-07-03 00:30:00,1.34
2025-07-03 00:45:00,1.25
2025-07-03 01:00:00,1.27
2025-07-03 01:15:00,1.31
2025-07-03 01:30:00,1.27
2025-07-03 01:45:00,1.27
2025-07-03 02:00:00,1.34
2025-07-03 02:15:00,1.28
2025-07-03 02:30:00,1.35
2025-07-03 02:45:00,1.45
2025-07-03 03:00:00,1.38
2025-07-03 03:15:00,1.31
2025-07-03 03:30:00,1.34
2025-07-03 03:45:00,1.27
2025-07-03 04:00:00,1.27
2025-07-03 04:15:00,1.32
2025-07-03 04:30:00,1.26
2025-07-03 04:45:00,1.27
2025-07-03 05:00:00,1.35
2025-07-03 05:15:00,1.27
2025-07-03 05:30:00,1.26
2025-07-03 05:45:00,1.32
2025-07-03 06:00:00,1.27
2025-07-03 06:15:00,1.27
2025-07-03 06:30:00,1.34
2025-07-03 06:45:00,1.57
2025-07-03 07:00:00,3.11
2025-07-03 07:15:00,7.60
2025-07-03 07:30:00,8.82
2025-07-03 07:45:00,8.22
2025-07-03 08:00:00,9.09
2025-07-03 08:15:00,12.4
2025-07-03 08:30:00,10.4
2025-07-03 08:45:00,10.9
2025-07-03 09:00:00,8.37
2025-07-03 09:15:00,7.71
2025-07-03 09:30:00,10.7
2025-07-03 09:45:00,10.1
2025-07-03 10:00:00,9.25
2025-07-03 10:30:00,11.9
2025-07-03 11:00:00,8.29
2025-07-03 11:15:00,8.09
2025-07-03 11:30:00,9.32
2025-07-03 11:45:00,9.65
2025-07-03 12:15:00,7.06
2025-07-03 12:45:00,6.40
2025-07-03 13:15:00,5.85
2025-07-03 14:15:00,6.79
2025-07-03 14:30:00,6.70
2025-07-03 14:45:00,7.54
2025-07-03 15:00:00,7.46
2025-07-03 15:15:00,6.94
2025-07-03 15:30:00,7.18
2025-07-03 15:45:00,6.48
2025-07-03 16:00:00,4.63
2025-07-03 16:15:00,2.19
2025-07-03 16:30:00,1.87
2025-07-03 16:45:00,1.82
2025-07-03 17:00:00,2.12
2025-07-03 17:15:00,3.34
2025-07-03 17:30:00,2.49
2025-07-03 17:45:00,2.09
2025-07-03 18:00:00,2.54
2025-07-03 18:15:00,2.62
2025-07-03 18:30:00,2.62
2025-07-03 18:45:00,2.69
2025-07-03 19:00:00,5.83
2025-07-03 19:15:00,6.39
2025-07-03 19:30:00,5.91
2025-07-03 19:45:00,6.13
2025-07-03 20:00:00,6.70
2025-07-03 20:15:00,5.35
2025-07-03 20:30:00,4.99
2025-07-03 20:45:00,5.02
2025-07-03 21:00:00,4.99
2025-07-03 21:15:00,4.28
2025-07-03 21:30:00,3.61
2025-07-03 21:45:00,2.31
2025-07-03 22:00:00,2.20
2025-07-03 22:15:00,1.61
2025-07-03 22:30:00,1.53
2025-07-03 22:45:00,1.28
2025-07-03 23:00:00,1.28
2025-07-03 23:15:00,1.33
2025-07-03 23:30:00,1.28
2025-07-03 23:45:00,1.28
2025-07-04 00:00:00,1.44
2025-07-04 00:15:00,1.38
2025-07-04 00:30:00,1.38
2025-07-04 00:45:00,1.37
2025-07-04 01:00:00,1.29
2025-07-04 01:15:00,1.26
2025-07-04 01:30:00,1.31
2025-07-04 01:45:00,1.27
2025-07-04 02:00:00,1.27
2025-07-04 02:15:00,1.34
2025-07-04 02:30:00,1.27
2025-07-04 02:45:00,1.26
2025-07-04 03:00:00,1.33
2025-07-04 03:15:00,1.28
2025-07-04 03:30:00,1.27
2025-07-04 03:45:00,1.45
2025-07-04 04:00:00,1.38
2025-07-04 04:15:00,1.31
2025-07-04 04:30:00,1.30
2025-07-04 04:45:00,1.28
2025-07-04 05:00:00,1.26
2025-07-04 05:15:00,1.35
2025-07-04 05:30:00,1.26
2025-07-04 05:45:00,1.25
2025-07-04 06:00:00,1.32
2025-07-04 06:15:00,1.26
2025-07-04 06:30:00,1.28
2025-07-04 06:45:00,1.55
2025-07-04 07:00:00,3.15
2025-07-04 07:15:00,4.05
2025-07-04 07:30:00,3.96
2025-07-04 07:45:00,3.46
2025-07-04 08:00:00,4.50
2025-07-04 08:15:00,7.02
2025-07-04 08:30:00,5.68
2025-07-04 08:45:00,7.56
2025-07-04 09:00:00,5.58
2025-07-04 09:15:00,7.09
2025-07-04 09:30:00,10.2
2025-07-04 09:45:00,11.1
2025-07-04 10:00:00,8.02
2025-07-04 10:15:00,8.51
2025-07-04 10:30:00,8.53
2025-07-04 10:45:00,8.29
2025-07-04 11:00:00,8.44
2025-07-04 11:15:00,8.70
2025-07-04 11:30:00,7.80
2025-07-04 11:45:00,7.40
2025-07-04 12:00:00,6.66
2025-07-04 12:30:00,4.34
2025-07-04 12:45:00,6.39
2025-07-04 13:00:00,5.81
2025-07-04 13:15:00,6.08
2025-07-04 13:45:00,6.51
2025-07-04 14:00:00,6.74
2025-07-04 14:15:00,6.64
2025-07-04 14:30:00,6.29
2025-07-04 15:00:00,4.94
2025-07-04 15:15:00,2.31
2025-07-04 15:30:00,2.05
2025-07-04 15:45:00,2.98
2025-07-04 16:15:00,1.84
2025-07-04 16:30:00,1.39
2025-07-04 16:45:00,1.38
2025-07-04 17:00:00,1.03
2025-07-04 17:15:00,0.570
2025-07-04 17:30:00,0.708
2025-07-04 17:45:00,0.748
2025-07-04 18:00:00,1.30
2025-07-04 18:15:00,2.08
2025-07-04 18:30:00,2.37
2025-07-04 18:45:00,2.38
2025-07-04 19:00:00,2.45
2025-07-04 19:15:00,2.40
2025-07-04 19:30:00,2.40
2025-07-04 19:45:00,2.28
2025-07-04 20:00:00,2.31
2025-07-04 20:15:00,2.42
2025-07-04 20:30:00,2.18
2025-07-04 20:45:00,2.21
2025-07-04 21:00:00,2.26
2025-07-04 21:15:00,2.03
2025-07-04 21:30:00,1.89
2025-07-04 21:45:00,1.71
2025-07-04 22:00:00,1.39
2025-07-04 22:15:00,1.40
2025-07-04 22:30:00,1.47
2025-07-04 22:45:00,1.33
2025-07-04 23:00:00,1.33
2025-07-04 23:15:00,1.37
2025-07-04 23:30:00,1.42
2025-07-04 23:45:00,1.41
2025-07-05 00:00:00,1.41
2025-07-05 00:15:00,1.30
2025-07-05 00:30:00,1.34
2025-07-05 00:45:00,1.34
2025-07-05 01:00:00,1.31
2025-07-05 01:15:00,1.34
2025-07-05 01:30:00,1.31
2025-07-05 01:45:00,1.31
2025-07-05 02:00:00,1.35
2025-07-05 02:15:00,1.35
2025-07-05 02:30:00,1.35
2025-07-05 02:45:00,1.47
2025-07-05 03:00:00,1.44
2025-07-05 03:15:00,1.39
2025-07-05 03:30:00,1.34
2025-07-05 03:45:00,1.32
2025-07-05 04:00:00,1.31
2025-07-05 04:15:00,1.33
2025-07-05 04:30:00,1.31
2025-07-05 04:45:00,1.30
2025-07-05 05:00:00,1.32
2025-07-05 05:15:00,1.32
2025-07-05 05:30:00,1.28
2025-07-05 05:45:00,1.31
2025-07-05 06:00:00,1.45
2025-07-05 06:15:00,1.39
2025-07-05 06:30:00,1.36
2025-07-05 06:45:00,1.38
2025-07-05 07:00:00,1.41
2025-07-05 07:15:00,1.39
2025-07-05 07:30:00,0.885
2025-07-05 07:45:00,1.15
2025-07-05 08:00:00,1.29
2025-07-05 08:15:00,1.34
2025-07-05 08:30:00,1.27
2025-07-05 08:45:00,1.27
2025-07-05 09:00:00,1.32
2025-07-05 09:15:00,1.40
2025-07-05 09:30:00,1.53
2025-07-05 09:45:00,1.57
2025-07-05 10:00:00,1.42
2025-07-05 10:15:00,1.17
2025-07-05 10:30:00,1.48
2025-07-05 10:45:00,1.47
2025-07-05 11:00:00,1.50
2025-07-05 11:15:00,1.51
2025-07-05 11:30:00,1.55
2025-07-05 11:45:00,1.31
2025-07-05 12:00:00,0.616
2025-07-05 12:15:00,0.607
2025-07-05 12:30:00,0.649
2025-07-05 12:45:00,0.733
2025-07-05 13:00:00,0.740
2025-07-05 13:15:00,0.603
2025-07-05 13:30:00,0.639
2025-07-05 13:45:00,0.637
2025-07-05 14:00:00,0.597
2025-07-05 14:15:00,0.619
2025-07-05 14:30:00,0.651
2025-07-05 14:45:00,0.590
2025-07-05 15:00:00,0.594
2025-07-05 15:15:00,0.641
2025-07-05 15:30:00,0.679
2025-07-05 15:45:00,0.730
2025-07-05 16:00:00,0.770
2025-07-05 16:15:00,0.608
2025-07-05 16:30:00,0.620
2025-07-05 16:45:00,0.620
2025-07-05 17:00:00,0.603
2025-07-05 17:15:00,0.629
2025-07-05 17:30:00,0.637
2025-07-05 17:45:00,0.591
2025-07-05 18:00:00,1.30
2025-07-05 18:15:00,1.38
2025-07-05 18:30:00,1.45
2025-07-05 18:45:00,1.44
2025-07-05 19:00:00,1.45
2025-07-05 19:15:00,1.33
2025-07-05 19:30:00,1.33
2025-07-05 19:45:00,1.41
2025-07-05 20:00:00,1.36
2025-07-05 20:15:00,1.36
2025-07-05 20:30:00,1.43
2025-07-05 20:45:00,1.35
2025-07-05 21:00:00,1.35
2025-07-05 21:15:00,1.45
2025-07-05 21:30:00,1.46
2025-07-05 21:45:00,1.44
2025-07-05 22:00:00,1.53
2025-07-05 22:15:00,1.37
2025-07-05 22:30:00,1.36
2025-07-05 22:45:00,1.43
2025-07-05 23:00:00,1.35
2025-07-05 23:15:00,1.35
2025-07-05 23:30:00,1.43
2025-07-05 23:45:00,1.34
2025-07-06 00:00:00,1.35
2025-07-06 00:15:00,1.41
2025-07-06 00:30:00,1.45
2025-07-06 00:45:00,1.47
2025-07-06 01:00:00,1.51
2025-07-06 01:15:00,1.41
2025-07-06 01:30:00,1.34
2025-07-06 01:45:00,1.43
2025-07-06 02:00:00,1.38
2025-07-06 02:15:00,1.34
2025-07-06 02:30:00,1.38
2025-07-06 02:45:00,1.38
2025-07-06 03:00:00,1.35
2025-07-06 03:15:00,1.37
2025-07-06 03:30:00,1.42
2025-07-06 03:45:00,1.45
2025-07-06 04:00:00,1.47
2025-07-06 04:15:00,1.43
2025-07-06 04:30:00,1.34
2025-07-06 04:45:00,1.34
2025-07-06 05:00:00,1.42
2025-07-06 05:15:00,1.37
2025-07-06 05:30:00,1.36
2025-07-06 05:45:00,1.41
2025-07-06 06:00:00,1.36
2025-07-06 06:15:00,1.36
2025-07-06 06:30:00,1.43
2025-07-06 06:45:00,1.40
2025-07-06 07:00:00,1.40
2025-07-06 07:15:00,1.40
2025-07-06 07:30:00,1.06
2025-07-06 07:45:00,0.737
2025-07-06 08:00:00,0.616
2025-07-06 08:15:00,0.575
2025-07-06 08:30:00,0.575
2025-07-06 08:45:00,0.564
2025-07-06 09:00:00,0.511
2025-07-06 09:15:00,0.461
2025-07-06 09:30:00,0.496
2025-07-06 09:45:00,0.495
2025-07-06 10:00:00,0.463
2025-07-06 10:15:00,0.465
2025-07-06 10:30:00,0.549
2025-07-06 10:45:00,0.474
2025-07-06 11:00:00,0.478
2025-07-06 11:15:00,0.548
2025-07-06 11:30:00,0.468
2025-07-06 11:45:00,0.449
2025-07-06 12:00:00,0.515
2025-07-06 12:15:00,0.492
2025-07-06 12:30:00,0.562
2025-07-06 12:45:00,0.648
2025-07-06 13:00:00,0.599
2025-07-06 13:15:00,0.467
2025-07-06 13:30:00,0.504
2025-07-06 13:45:00,0.471
2025-07-06 14:00:00,0.453
2025-07-06 14:15:00,0.493
2025-07-06 14:30:00,0.531
2025-07-06 14:45:00,0.458
2025-07-06 15:00:00,0.463
2025-07-06 15:15:00,0.539
2025-07-06 15:30:00,0.514
2025-07-06 15:45:00,0.576
2025-07-06 16:00:00,0.636
2025-07-06 16:15:00,0.485
2025-07-06 16:30:00,0.466
2025-07-06 16:45:00,0.518
2025-07-06 17:00:00,0.475
2025-07-06 17:15:00,0.462
2025-07-06 17:30:00,0.539
2025-07-06 17:45:00,0.456
2025-07-06 18:00:00,1.07
2025-07-06 18:15:00,1.27
2025-07-06 18:30:00,1.29
2025-07-06 18:45:00,1.33
2025-07-06 19:00:00,1.38
2025-07-06 19:15:00,1.22
2025-07-06 19:30:00,1.20
2025-07-06 19:45:00,1.26
2025-07-06 20:00:00,1.21
2025-07-06 20:15:00,1.20
2025-07-06 20:30:00,1.26
2025-07-06 20:45:00,1.26
2025-07-06 21:00:00,1.23
2025-07-06 21:15:00,1.25
2025-07-06 21:30:00,1.35
2025-07-06 21:45:00,1.32
2025-07-06 22:00:00,1.30
2025-07-06 22:15:00,1.29
2025-07-06 22:30:00,1.21
2025-07-06 22:45:00,1.22
2025-07-06 23:00:00,1.30
2025-07-06 23:15:00,1.21
2025-07-06 23:30:00,1.22
2025-07-06 23:45:00,1.31
2025-07-07 00:00:00,1.23
2025-07-07 00:15:00,1.23
2025-07-07 00:30:00,1.37
2025-07-07 00:45:00,1.36
2025-07-07 01:00:00,1.33
2025-07-07 01:15:00,1.27
2025-07-07 01:30:00,1.25
2025-07-07 01:45:00,1.21
2025-07-07 02:00:00,1.22
2025-07-07 02:15:00,1.27
2025-07-07 02:30:00,1.21
2025-07-07 02:45:00,1.24
2025-07-07 03:00:00,1.30
2025-07-07 03:15:00,1.22
2025-07-07 03:30:00,1.31
2025-07-07 03:45:00,1.39
2025-07-07 04:00:00,1.34
2025-07-07 04:15:00,1.25
2025-07-07 04:30:00,1.29
2025-07-07 04:45:00,1.22
2025-07-07 05:00:00,1.21
2025-07-07 05:15:00,1.28
2025-07-07 05:30:00,1.24
2025-07-07 05:45:00,1.22
2025-07-07 06:00:00,1.24
2025-07-07 06:15:00,1.26
2025-07-07 06:30:00,1.24
2025-07-07 06:45:00,2.22
2025-07-07 07:00:00,3.35
2025-07-07 07:15:00,3.29
2025-07-07 07:30:00,1.98
2025-07-07 07:45:00,4.01
2025-07-07 08:00:00,4.29
2025-07-07 08:15:00,5.13
2025-07-07 08:30:00,5.56
2025-07-07 08:45:00,5.32
2025-07-07 09:00:00,6.61
2025-07-07 09:15:00,6.41
2025-07-07 09:30:00,6.64
2025-07-07 09:45:00,6.56
2025-07-07 10:00:00,6.78
2025-07-07 10:15:00,6.21
2025-07-07 10:30:00,5.61
2025-07-07 10:45:00,5.93
2025-07-07 11:00:00,6.08
2025-07-07 11:15:00,5.59
2025-07-07 11:30:00,6.02
2025-07-07 11:45:00,5.51
2025-07-07 12:00:00,5.03
2025-07-07 12:15:00,5.42
2025-07-07 12:30:00,4.97
2025-07-07 12:45:00,4.95
2025-07-07 13:00:00,5.89
2025-07-07 13:15:00,6.65
2025-07-07 13:30:00,8.54
2025-07-07 13:45:00,6.75
2025-07-07 14:00:00,6.31
2025-07-07 14:15:00,6.02
2025-07-07 14:30:00,6.18
2025-07-07 14:45:00,6.55
2025-07-07 15:00:00,6.81
2025-07-07 15:15:00,7.23
2025-07-07 15:30:00,6.92
2025-07-07 15:45:00,6.36
2025-07-07 16:00:00,6.36
2025-07-07 16:15:00,4.35
2025-07-07 16:30:00,3.27
2025-07-07 16:45:00,2.58
2025-07-07 17:00:00,1.54
2025-07-07 17:15:00,0.760
2025-07-07 17:30:00,0.777
2025-07-07 17:45:00,0.983
2025-07-07 18:00:00,1.62
2025-07-07 18:15:00,1.62
2025-07-07 18:30:00,1.62
2025-07-07 18:45:00,2.28
2025-07-07 19:00:00,2.87
2025-07-07 19:15:00,2.92
2025-07-07 19:30:00,2.90
2025-07-07 19:45:00,2.73
2025-07-07 20:00:00,2.67
2025-07-07 20:15:00,3.07
2025-07-07 20:30:00,3.46
2025-07-07 20:45:00,3.38
2025-07-07 21:00:00,3.33
2025-07-07 21:15:00,3.29
2025-07-07 21:30:00,2.27
2025-07-07 21:45:00,2.00
2025-07-07 22:00:00,1.84
2025-07-07 22:15:00,1.37
2025-07-07 22:30:00,1.24
2025-07-07 22:45:00,1.31
2025-07-07 23:00:00,1.29
2025-07-07 23:15:00,1.36
2025-07-07 23:30:00,1.41
2025-07-07 23:45:00,1.26
2025-07-08 00:00:00,1.24
2025-07-08 00:15:00,1.32
2025-07-08 00:30:00,1.24
2025-07-08 00:45:00,1.22
2025-07-08 01:00:00,1.31
2025-07-08 01:15:00,1.24
2025-07-08 01:30:00,1.24
2025-07-08 01:45:00,1.35
2025-07-08 02:00:00,1.34
2025-07-08 02:15:00,1.34
2025-07-08 02:30:00,1.34
2025-07-08 02:45:00,1.25
2025-07-08 03:00:00,1.24
2025-07-08 03:15:00,1.29
2025-07-08 03:30:00,1.27
2025-07-08 03:45:00,1.22
2025-07-08 04:00:00,1.24
2025-07-08 04:15:00,1.25
2025-07-08 04:30:00,1.22
2025-07-08 04:45:00,1.33
2025-07-08 05:00:00,1.43
2025-07-08 05:15:00,1.36
2025-07-08 05:30:00,1.32
2025-07-08 05:45:00,1.40
2025-07-08 06:00:00,1.32
2025-07-08 06:15:00,1.32
2025-07-08 06:30:00,1.29
2025-07-08 06:45:00,1.50
2025-07-08 07:00:00,2.48
2025-07-08 07:15:00,4.82
2025-07-08 07:30:00,4.60
2025-07-08 07:45:00,4.00
2025-07-08 08:00:00,4.77
2025-07-08 08:15:00,5.28
2025-07-08 08:30:00,4.67
2025-07-08 08:45:00,4.93
2025-07-08 09:00:00,5.70
2025-07-08 09:15:00,5.36
2025-07-08 09:30:00,5.39
2025-07-08 09:45:00,5.54
2025-07-08 10:00:00,5.54
2025-07-08 10:15:00,6.02
2025-07-08 10:30:00,6.36
2025-07-08 10:45:00,5.52
2025-07-08 11:00:00,5.49
2025-07-08 11:15:00,5.56
2025-07-08 11:30:00,5.42
2025-07-08 11:45:00,5.12
2025-07-08 12:00:00,4.68
2025-07-08 12:15:00,4.56
2025-07-08 12:30:00,4.65
2025-07-08 12:45:00,4.56
2025-07-08 13:00:00,4.31
2025-07-08 13:15:00,2.87
2025-07-08 13:30:00,2.50
2025-07-08 13:45:00,2.92
2025-07-08 14:00:00,2.97
2025-07-08 14:15:00,3.14
2025-07-08 14:30:00,3.08
2025-07-08 14:45:00,3.02
2025-07-08 15:00:00,2.92
2025-07-08 15:15:00,2.66
2025-07-08 15:30:00,2.54
2025-07-08 15:45:00,5.62
2025-07-08 16:00:00,5.03
2025-07-08 16:15:00,4.66
2025-07-08 16:30:00,4.57
2025-07-08 16:45:00,2.28
2025-07-08 17:00:00,0.966
2025-07-08 17:15:00,0.876
2025-07-08 17:30:00,0.739
2025-07-08 17:45:00,0.805
2025-07-08 18:00:00,1.33
2025-07-08 18:15:00,1.57
2025-07-08 18:30:00,1.64
2025-07-08 18:45:00,2.02
2025-07-08 19:00:00,2.74
2025-07-08 19:15:00,2.16
2025-07-08 19:30:00,2.03
2025-07-08 19:45:00,3.13
2025-07-08 20:00:00,3.17
2025-07-08 20:15:00,3.15
2025-07-08 20:30:00,3.21
2025-07-08 20:45:00,3.13
2025-07-08 21:00:00,3.14
2025-07-08 21:15:00,2.30
2025-07-08 21:30:00,1.90
2025-07-08 21:45:00,1.89
2025-07-08 22:00:00,1.83
2025-07-08 22:15:00,1.55
2025-07-08 22:30:00,1.49
2025-07-08 22:45:00,1.29
2025-07-08 23:00:00,1.30
2025-07-09 01:30:00,1.33
2025-07-09 01:45:00,1.32
2025-07-09 02:00:00,1.41
2025-07-09 02:15:00,1.37
2025-07-09 02:30:00,1.34
2025-07-09 02:45:00,1.29
2025-07-09 03:00:00,1.30
2025-07-09 03:15:00,1.29
2025-07-09 03:30:00,1.28
2025-07-09 03:45:00,1.33
2025-07-09 04:00:00,1.27
2025-07-09 04:15:00,1.29
2025-07-09 04:30:00,1.32
2025-07-09 04:45:00,1.26
2025-07-09 05:00:00,1.26
2025-07-09 05:15:00,1.44
2025-07-09 05:30:00,1.36
2025-07-09 05:45:00,1.35
2025-07-09 06:00:00,1.27
2025-07-09 06:15:00,1.31
2025-07-09 06:30:00,1.26
2025-07-09 06:45:00,1.31
2025-07-09 07:00:00,2.03
2025-07-09 07:15:00,4.97
2025-07-09 07:30:00,4.20
2025-07-09 07:45:00,4.16
2025-07-09 08:00:00,5.87
2025-07-09 08:15:00,11.7
2025-07-09 08:30:00,11.0
2025-07-09 08:45:00,11.1
2025-07-09 09:00:00,12.9
2025-07-09 09:15:00,13.1
2025-07-09 09:30:00,13.3
2025-07-09 09:45:00,13.9
2025-07-09 10:00:00,15.7
2025-07-09 10:15:00,16.4
2025-07-09 10:30:00,13.3
2025-07-09 10:45:00,13.4
2025-07-09 11:00:00,14.2
2025-07-09 11:15:00,13.6
2025-07-09 11:30:00,12.1
2025-07-09 11:45:00,7.74
2025-07-09 12:00:00,7.95
2025-07-09 12:15:00,7.47
2025-07-09 12:30:00,7.19
2025-07-09 12:45:00,6.98
2025-07-09 13:00:00,6.83
2025-07-09 13:15:00,7.34
2025-07-09 13:30:00,9.29
2025-07-09 13:45:00,11.0
2025-07-09 14:00:00,10.6
2025-07-09 14:15:00,10.8
2025-07-09 14:30:00,12.6
2025-07-09 14:45:00,12.9
2025-07-09 15:00:00,12.5
2025-07-09 15:15:00,11.5
2025-07-09 15:30:00,10.7
2025-07-09 15:45:00,11.1
2025-07-09 16:00:00,10.9
2025-07-09 16:15:00,10.1
2025-07-09 16:30:00,8.92
2025-07-09 16:45:00,6.38
2025-07-09 17:00:00,4.80
2025-07-09 17:15:00,4.28
2025-07-09 17:30:00,4.13
2025-07-09 17:45:00,4.50
2025-07-09 18:00:00,4.66
2025-07-09 18:15:00,4.68
2025-07-09 18:30:00,4.82
2025-07-09 18:45:00,4.78
2025-07-09 19:00:00,5.74
2025-07-09 19:15:00,6.65
2025-07-09 19:30:00,6.71
2025-07-09 19:45:00,6.59
2025-07-09 20:00:00,5.89
2025-07-09 20:15:00,6.13
2025-07-09 20:30:00,5.71
2025-07-09 20:45:00,5.87
2025-07-09 21:00:00,6.61
2025-07-09 21:15:00,5.66
2025-07-09 21:30:00,5.72
2025-07-09 21:45:00,5.52
2025-07-09 22:00:00,5.44
2025-07-09 22:15:00,3.81
2025-07-09 22:30:00,1.41
2025-07-09 22:45:00,1.23
2025-07-09 23:00:00,1.33
2025-07-09 23:15:00,1.23
2025-07-09 23:30:00,1.24
2025-07-09 23:45:00,1.27
2025-07-10 00:00:00,1.26
2025-07-10 00:15:00,1.26
2025-07-10 00:30:00,1.38
2025-07-10 00:45:00,1.43
2025-07-10 01:00:00,1.37
2025-07-10 01:15:00,1.24
2025-07-10 01:30:00,1.33
2025-07-10 01:45:00,1.24
2025-07-10 02:00:00,1.23
2025-07-10 02:15:00,1.29
2025-07-10 02:30:00,1.25
2025-07-10 02:45:00,1.23
2025-07-10 03:00:00,1.26
2025-07-10 03:15:00,1.34
2025-07-10 03:30:00,1.36
2025-07-10 03:45:00,1.36
2025-07-10 04:00:00,1.38
2025-07-10 04:15:00,1.24
2025-07-10 04:30:00,1.24
2025-07-10 04:45:00,1.31
2025-07-10 05:00:00,1.25
2025-07-10 05:15:00,1.23
2025-07-10 05:30:00,1.28
2025-07-10 05:45:00,1.30
2025-07-10 06:00:00,1.25
2025-07-10 06:15:00,1.35
2025-07-10 06:30:00,1.42
2025-07-10 06:45:00,1.42
2025-07-10 07:00:00,2.41
2025-07-10 07:15:00,4.36
2025-07-10 07:30:00,3.39
2025-07-10 07:45:00,2.81
2025-07-10 08:00:00,2.98
2025-07-10 08:15:00,6.35
2025-07-10 08:30:00,7.36
2025-07-10 08:45:00,6.26
2025-07-10 09:00:00,6.35
2025-07-10 09:15:00,7.50
2025-07-10 09:30:00,6.54
2025-07-10 09:45:00,7.12
2025-07-10 10:00:00,6.59
2025-07-10 10:15:00,6.90
2025-07-10 10:30:00,6.62
2025-07-10 10:45:00,7.24
2025-07-10 11:00:00,6.49
2025-07-10 11:15:00,7.27
2025-07-10 11:30:00,5.34
2025-07-10 11:45:00,2.80
2025-07-10 12:00:00,2.58
2025-07-10 12:15:00,2.89
2025-07-10 12:30:00,1.70
2025-07-10 12:45:00,1.73
2025-07-10 13:00:00,2.08
2025-07-10 13:15:00,3.75
2025-07-10 13:30:00,3.91
2025-07-10 13:45:00,4.15
2025-07-10 14:00:00,4.61
2025-07-10 14:15:00,5.20
2025-07-10 14:30:00,4.83
2025-07-10 14:45:00,4.50
2025-07-10 15:00:00,4.21
2025-07-10 15:15:00,4.39
2025-07-10 15:30:00,4.17
2025-07-10 15:45:00,3.99
2025-07-10 16:00:00,4.52
2025-07-10 16:15:00,4.96
2025-07-10 16:30:00,3.55
2025-07-10 16:45:00,2.58
2025-07-10 17:00:00,2.56
2025-07-10 17:15:00,1.71
2025-07-10 17:30:00,1.65
2025-07-10 17:45:00,1.67
2025-07-10 18:00:00,2.14
2025-07-10 18:15:00,2.54
2025-07-10 18:30:00,2.65
2025-07-10 18:45:00,2.45
2025-07-10 19:00:00,2.47
2025-07-10 19:15:00,2.56
2025-07-10 19:30:00,2.49
2025-07-10 19:45:00,2.44
2025-07-10 20:00:00,2.42
2025-07-10 20:15:00,2.38
2025-07-10 20:30:00,2.37
2025-07-10 20:45:00,2.40
2025-07-10 21:00:00,2.49
2025-07-10 21:15:00,2.35
2025-07-10 21:30:00,2.33
2025-07-10 21:45:00,2.30
2025-07-10 22:00:00,2.21
2025-07-10 22:15:00,2.20
2025-07-10 22:30:00,2.00
2025-07-10 22:45:00,1.82
2025-07-10 23:00:00,1.87
2025-07-10 23:15:00,1.92
2025-07-10 23:30:00,1.88
2025-07-10 23:45:00,1.92
2025-07-11 00:00:00,1.98
2025-07-11 00:15:00,2.02
2025-07-11 00:30:00,1.88
2025-07-11 00:45:00,1.85
2025-07-11 01:00:00,1.93
2025-07-11 01:15:00,1.86
2025-07-11 01:30:00,1.86
2025-07-11 01:45:00,1.91
2025-07-11 02:00:00,1.87
2025-07-11 02:15:00,1.86
2025-07-11 02:30:00,1.92
2025-07-11 02:45:00,2
2025-07-11 03:00:00,1.95
2025-07-11 03:15:00,1.93
2025-07-11 03:30:00,1.91
2025-07-11 03:45:00,1.84
2025-07-11 04:00:00,1.85
2025-07-11 04:15:00,1.94
2025-07-11 04:30:00,1.86
2025-07-11 04:45:00,1.86
2025-07-11 05:00:00,1.86
2025-07-11 05:15:00,1.90
2025-07-11 05:30:00,1.96
2025-07-11 05:45:00,1.94
2025-07-11 06:00:00,2.04
2025-07-11 06:15:00,1.85
2025-07-11 06:30:00,1.84
2025-07-11 06:45:00,2.25
2025-07-11 07:00:00,3.07
2025-07-11 07:15:00,7.01
2025-07-11 07:30:00,7.62
2025-07-11 07:45:00,7.14
2025-07-11 08:00:00,5.83
2025-07-11 08:15:00,4.79
2025-07-11 08:30:00,4.91
2025-07-11 08:45:00,4.20
2025-07-11 09:00:00,3.78
2025-07-11 09:15:00,6.46
2025-07-11 09:30:00,8.77
2025-07-11 09:45:00,8.72
2025-07-11 10:00:00,8.53
2025-07-11 10:15:00,10.2
2025-07-11 10:30:00,8.68
2025-07-11 10:45:00,10.1
2025-07-11 11:00:00,10.5
2025-07-11 11:15:00,10.1
2025-07-11 11:30:00,7.64
2025-07-11 11:45:00,3.24
2025-07-11 12:00:00,2.51
2025-07-11 12:15:00,2.54
2025-07-11 12:30:00,2.37
2025-07-11 12:45:00,3.89
2025-07-11 13:00:00,5.28
2025-07-11 13:15:00,5.19
2025-07-11 13:30:00,6.47
2025-07-11 13:45:00,7.20
2025-07-11 14:00:00,7.09
2025-07-11 14:15:00,7.12
2025-07-11 14:30:00,7.71
2025-07-11 14:45:00,7.41
2025-07-11 15:00:00,7.01
2025-07-11 15:15:00,7.00
2025-07-11 15:30:00,6.99
2025-07-11 15:45:00,6.88
2025-07-11 16:00:00,6.21
2025-07-11 16:15:00,4.93
2025-07-11 16:30:00,2.06
2025-07-11 16:45:00,1.70
2025-07-11 17:00:00,1.74
2025-07-11 17:15:00,1.45
2025-07-11 17:30:00,0.903
2025-07-11 17:45:00,0.913
2025-07-11 18:00:00,1.42
2025-07-11 18:15:00,1.79
2025-07-11 18:30:00,1.89
2025-07-11 18:45:00,2.07
2025-07-11 19:00:00,2.43
2025-07-11 19:15:00,3.09
2025-07-11 19:30:00,3.65
2025-07-11 19:45:00,3.65
2025-07-11 20:00:00,3.58
2025-07-11 20:15:00,3.60
2025-07-11 20:30:00,3.51
2025-07-11 20:45:00,3.21
2025-07-11 21:00:00,2.48
2025-07-11 21:15:00,2.40
2025-07-11 21:30:00,2.29
2025-07-11 21:45:00,2.32
2025-07-11 22:00:00,2.40
2025-07-11 22:15:00,2.37
2025-07-11 22:30:00,1.64
2025-07-11 22:45:00,1.63
2025-07-11 23:00:00,1.50
2025-07-11 23:15:00,1.50
2025-07-11 23:30:00,1.54
2025-07-11 23:45:00,1.49
2025-07-12 00:00:00,1.45
2025-07-12 00:15:00,1.49
2025-07-12 00:30:00,1.52
2025-07-12 00:45:00,1.54
2025-07-12 01:00:00,1.58
2025-07-12 01:15:00,1.65
2025-07-12 01:30:00,1.49
2025-07-12 01:45:00,1.48
2025-07-12 02:00:00,1.51
2025-07-12 02:15:00,1.51
2025-07-12 02:30:00,1.45
2025-07-12 02:45:00,1.45
2025-07-12 03:00:00,1.53
2025-07-12 03:15:00,1.46
2025-07-12 03:30:00,1.56
2025-07-12 03:45:00,1.58
2025-07-12 04:00:00,1.63
2025-07-12 04:15:00,1.52
2025-07-12 04:30:00,1.45
2025-07-12 04:45:00,1.52
2025-07-12 05:00:00,1.45
2025-07-12 05:15:00,1.43
2025-07-12 05:30:00,1.45
2025-07-12 05:45:00,1.49
2025-07-12 06:00:00,1.46
2025-07-12 06:15:00,1.51
2025-07-12 06:30:00,1.63
2025-07-12 06:45:00,1.65
2025-07-12 07:00:00,1.66
2025-07-12 07:15:00,1.59
2025-07-12 07:30:00,1.63
2025-07-12 07:45:00,1.05
2025-07-12 08:00:00,0.947
2025-07-12 08:15:00,0.943
2025-07-12 08:30:00,0.865
2025-07-12 08:45:00,0.850
2025-07-12 09:00:00,0.861
2025-07-12 09:15:00,1.01
2025-07-12 09:30:00,0.947
2025-07-12 09:45:00,0.971
2025-07-12 10:00:00,1.06
2025-07-12 10:15:00,0.975
2025-07-12 10:30:00,0.970
2025-07-12 10:45:00,0.987
2025-07-12 11:00:00,0.994
2025-07-12 11:15:00,0.864
2025-07-12 11:30:00,0.861
2025-07-12 11:45:00,0.923
2025-07-12 12:00:00,0.867
2025-07-12 12:15:00,0.861
2025-07-12 12:30:00,0.888
2025-07-12 12:45:00,0.926
2025-07-12 13:00:00,0.854
2025-07-12 13:15:00,0.845
2025-07-12 13:30:00,0.965
2025-07-12 13:45:00,0.984
2025-07-12 14:00:00,0.967
2025-07-12 14:15:00,0.990
2025-07-12 14:30:00,0.907
2025-07-12 14:45:00,0.864
2025-07-12 15:00:00,0.866
2025-07-12 15:15:00,0.906
2025-07-12 15:30:00,0.857
2025-07-12 15:45:00,0.847
2025-07-12 16:00:00,0.881
2025-07-12 16:15:00,0.945
2025-07-12 16:30:00,0.957
2025-07-12 16:45:00,0.972
2025-07-12 17:00:00,1.09
2025-07-12 17:15:00,0.877
2025-07-12 17:30:00,0.852
2025-07-12 17:45:00,1.56
2025-07-12 18:00:00,1.44
2025-07-12 18:15:00,1.41
2025-07-12 18:30:00,1.42
2025-07-12 18:45:00,1.50
2025-07-12 19:00:00,1.41
2025-07-12 19:15:00,1.46
2025-07-12 19:30:00,1.54
2025-07-12 19:45:00,1.54
2025-07-12 20:00:00,1.43
2025-07-12 20:15:00,1.38
2025-07-12 20:30:00,1.47
2025-07-12 20:45:00,1.40
2025-07-12 21:00:00,1.39
2025-07-12 21:15:00,1.40
2025-07-12 21:30:00,1.47
2025-07-12 21:45:00,1.40
2025-07-12 22:00:00,1.40
2025-07-12 22:15:00,1.59
2025-07-12 22:30:00,1.54
2025-07-12 22:45:00,1.51
2025-07-12 23:00:00,1.43
2025-07-12 23:15:00,1.49
2025-07-12 23:30:00,1.40
2025-07-12 23:45:00,1.43
2025-07-13 00:00:00,1.46
2025-07-13 00:15:00,1.42
2025-07-13 00:30:00,1.40
2025-07-13 00:45:00,1.41
2025-07-13 01:00:00,1.57
2025-07-13 01:15:00,1.51
2025-07-13 01:30:00,1.51
2025-07-13 01:45:00,1.49
2025-07-13 02:00:00,1.45
2025-07-13 02:15:00,1.39
2025-07-13 02:30:00,1.38
2025-07-13 02:45:00,1.51
2025-07-13 03:00:00,1.40
2025-07-13 03:15:00,1.41
2025-07-13 03:30:00,1.42
2025-07-13 03:45:00,1.48
2025-07-13 04:00:00,1.50
2025-07-13 04:15:00,1.51
2025-07-13 04:30:00,1.56
2025-07-13 04:45:00,1.40
2025-07-13 05:00:00,1.38
2025-07-13 05:15:00,1.39
2025-07-13 05:30:00,1.44
2025-07-13 05:45:00,1.38
2025-07-13 06:00:00,1.39
2025-07-13 06:15:00,1.47
2025-07-13 06:30:00,1.42
2025-07-13 06:45:00,1.49
2025-07-13 07:00:00,1.49
2025-07-13 07:15:00,1.56
2025-07-13 07:30:00,1.57
2025-07-13 07:45:00,1.04
2025-07-13 08:00:00,0.817
2025-07-13 08:15:00,0.770
2025-07-13 08:30:00,0.742
2025-07-13 08:45:00,0.651
2025-07-13 09:00:00,0.719
2025-07-13 09:15:00,0.649
2025-07-13 09:30:00,0.641
2025-07-13 09:45:00,0.657
2025-07-13 10:00:00,0.684
2025-07-13 10:15:00,0.652
2025-07-13 10:30:00,0.670
2025-07-13 10:45:00,0.719
2025-07-13 11:00:00,0.672
2025-07-13 11:15:00,0.664
2025-07-13 11:30:00,0.758
2025-07-13 11:45:00,0.843
2025-07-13 12:00:00,0.741
2025-07-13 12:15:00,0.661
2025-07-13 12:30:00,0.737
2025-07-13 12:45:00,0.692
2025-07-13 13:00:00,0.655
2025-07-13 13:15:00,0.650
2025-07-13 13:30:00,0.708
2025-07-13 13:45:00,0.670
2025-07-13 14:00:00,0.686
2025-07-13 14:15:00,0.734
2025-07-13 14:30:00,0.863
2025-07-13 14:45:00,0.752
2025-07-13 15:00:00,0.738
2025-07-13 15:15:00,0.767
2025-07-13 15:30:00,0.677
2025-07-13 15:45:00,0.663
2025-07-13 16:00:00,0.666
2025-07-13 16:15:00,0.698
2025-07-13 16:30:00,0.667
2025-07-13 16:45:00,0.654
2025-07-13 17:00:00,0.814
2025-07-13 17:15:00,0.787
2025-07-13 17:30:00,0.775
2025-07-13 17:45:00,1.26
2025-07-13 18:00:00,1.49
2025-07-13 18:15:00,1.40
2025-07-13 18:30:00,1.40
2025-07-13 18:45:00,1.42
2025-07-13 19:00:00,1.43
2025-07-13 19:15:00,1.41
2025-07-13 19:30:00,1.42
2025-07-13 19:45:00,1.48
2025-07-13 20:00:00,1.52
2025-07-13 20:15:00,1.54
2025-07-13 20:30:00,1.52
2025-07-13 20:45:00,1.45
2025-07-13 21:00:00,1.42
2025-07-13 21:15:00,1.39
2025-07-13 21:30:00,1.51
2025-07-13 21:45:00,1.40
2025-07-13 22:00:00,1.41
2025-07-13 22:15:00,1.41
2025-07-13 22:30:00,1.49
2025-07-13 22:45:00,1.51
2025-07-13 23:00:00,1.50
2025-07-13 23:15:00,1.54
2025-07-13 23:30:00,1.45
2025-07-13 23:45:00,1.40
2025-07-14 00:00:00,1.38
2025-07-14 00:15:00,1.48
2025-07-14 00:30:00,1.41
2025-07-14 00:45:00,1.41
2025-07-14 01:00:00,1.46
2025-07-14 01:15:00,1.48
2025-07-14 01:30:00,1.50
2025-07-14 01:45:00,1.50
2025-07-14 02:00:00,1.58
2025-07-14 02:15:00,1.42
2025-07-14 02:30:00,1.40
2025-07-14 02:45:00,1.41
2025-07-14 03:00:00,1.47
2025-07-14 03:15:00,1.41
2025-07-14 03:30:00,1.39
2025-07-14 03:45:00,1.47
2025-07-14 04:00:00,1.44
2025-07-14 04:15:00,1.48
2025-07-14 04:30:00,1.53
2025-07-14 04:45:00,1.62
2025-07-14 05:00:00,1.47
2025-07-14 05:15:00,1.39
2025-07-14 05:30:00,1.41
2025-07-14 05:45:00,1.43
2025-07-14 06:00:00,1.39
2025-07-14 06:15:00,1.40
2025-07-14 06:30:00,1.48
2025-07-14 06:45:00,1.88
2025-07-14 07:00:00,2.34
2025-07-14 07:15:00,2.79
2025-07-14 07:30:00,3.30
2025-07-14 07:45:00,2.30
2025-07-14 08:00:00,2.79
2025-07-14 08:15:00,4.94
2025-07-14 08:30:00,5.91
2025-07-14 08:45:00,5.68
2025-07-14 09:00:00,5.62
2025-07-14 09:15:00,6.04
2025-07-14 09:30:00,6.33
2025-07-14 09:45:00,6.11
2025-07-14 10:00:00,5.89
2025-07-14 10:15:00,7.44
2025-07-14 10:30:00,7.89
2025-07-14 10:45:00,7.40
2025-07-14 11:00:00,6.63
2025-07-14 11:15:00,7.43
2025-07-14 11:30:00,5.79
2025-07-14 11:45:00,5.63
2025-07-14 12:00:00,4.78
2025-07-14 12:15:00,5.34
2025-07-14 12:30:00,5.29
2025-07-14 12:45:00,5.20
2025-07-14 13:00:00,6.34
2025-07-14 13:15:00,6.47
2025-07-14 13:30:00,7.70
2025-07-14 13:45:00,7.69
2025-07-14 14:00:00,8.74
2025-07-14 14:15:00,8.40
2025-07-14 14:30:00,7.41
2025-07-14 14:45:00,7.06
2025-07-14 15:00:00,7.59
2025-07-14 15:15:00,7.15
2025-07-14 15:30:00,7.16
2025-07-14 15:45:00,7.87
2025-07-14 16:00:00,6.65
2025-07-14 16:15:00,4.03
2025-07-14 16:30:00,3.68
2025-07-14 16:45:00,1.54
2025-07-14 17:00:00,0.898
2025-07-14 17:15:00,0.766
2025-07-14 17:30:00,0.729
2025-07-14 17:45:00,0.982
2025-07-14 18:00:00,1.60
2025-07-14 18:15:00,1.57
2025-07-14 18:30:00,1.74
2025-07-14 18:45:00,1.64
2025-07-14 19:00:00,1.63
2025-07-14 19:15:00,1.62
2025-07-14 19:30:00,2.61
2025-07-14 19:45:00,2.63
2025-07-14 20:00:00,2.68
2025-07-14 20:15:00,2.72
2025-07-14 20:30:00,1.91
2025-07-14 20:45:00,1.53
2025-07-14 21:00:00,1.66
2025-07-14 21:15:00,1.66
2025-07-14 21:30:00,1.50
2025-07-14 21:45:00,1.49
2025-07-14 22:00:00,1.42
2025-07-14 22:15:00,1.39
2025-07-14 22:30:00,1.37
2025-07-14 22:45:00,1.34
2025-07-14 23:00:00,1.26
2025-07-14 23:15:00,1.25
2025-07-14 23:30:00,1.35
2025-07-14 23:45:00,1.41
2025-07-15 00:00:00,1.36
2025-07-15 00:15:00,1.36
2025-07-15 00:30:00,1.35
2025-07-15 00:45:00,1.26
2025-07-15 01:00:00,1.25
2025-07-15 01:15:00,1.30
2025-07-15 01:30:00,1.28
2025-07-15 01:45:00,1.26
2025-07-15 02:00:00,1.25
2025-07-15 02:15:00,1.39
2025-07-15 02:30:00,1.36
2025-07-15 02:45:00,1.37
2025-07-15 03:00:00,1.37
2025-07-15 03:15:00,1.27
2025-07-15 03:30:00,1.25
2025-07-15 03:45:00,1.26
2025-07-15 04:00:00,1.33
2025-07-15 04:15:00,1.25
2025-07-15 04:30:00,1.27
2025-07-15 04:45:00,1.30
2025-07-15 05:00:00,1.40
2025-07-15 05:15:00,1.37
2025-07-15 05:30:00,1.36
2025-07-15 05:45:00,1.36
2025-07-15 06:00:00,1.25
2025-07-15 06:15:00,1.26
2025-07-15 06:30:00,1.31
2025-07-15 06:45:00,1.77
2025-07-15 07:00:00,2.21
2025-07-15 07:15:00,2.76
2025-07-15 07:30:00,2.32
2025-07-15 07:45:00,2.45
2025-07-15 08:00:00,2.43
2025-07-15 08:15:00,4.46
2025-07-15 08:30:00,4.88
2025-07-15 08:45:00,6.13
2025-07-15 09:00:00,5.75
2025-07-15 09:15:00,3.46
2025-07-15 09:30:00,2.41
2025-07-15 09:45:00,2.94
2025-07-15 10:00:00,3.07
2025-07-15 10:15:00,3.68
2025-07-15 10:30:00,3.62
2025-07-15 10:45:00,3.29
2025-07-15 11:00:00,2.95
2025-07-15 11:15:00,2.71
2025-07-15 11:30:00,2.99
2025-07-15 11:45:00,2.77
2025-07-15 12:00:00,2.45
2025-07-15 12:15:00,2.53
2025-07-15 12:30:00,2.12
2025-07-15 12:45:00,1.97
2025-07-15 13:00:00,1.84
2025-07-15 13:15:00,2.09
2025-07-15 13:30:00,2.06
2025-07-15 13:45:00,2.10
2025-07-15 14:00:00,1.85
2025-07-15 14:15:00,1.93
2025-07-15 14:30:00,1.90
2025-07-15 14:45:00,3.18
2025-07-15 15:00:00,3.85
2025-07-15 15:15:00,2.04
2025-07-15 15:30:00,1.84
2025-07-15 15:45:00,1.90
2025-07-15 16:00:00,2.11
2025-07-15 16:15:00,2.21
2025-07-15 16:30:00,2.34
2025-07-15 16:45:00,2.01
2025-07-15 17:00:00,1.47
2025-07-15 17:15:00,1.31
2025-07-15 17:30:00,1.38
2025-07-15 17:45:00,1.23
2025-07-15 18:00:00,1.46
2025-07-15 18:15:00,1.57
2025-07-15 18:30:00,1.63
2025-07-15 18:45:00,1.71
2025-07-15 19:00:00,1.66
2025-07-15 19:15:00,1.54
2025-07-15 19:30:00,1.54
2025-07-15 19:45:00,1.64
2025-07-15 20:00:00,1.65
2025-07-15 20:15:00,1.64
2025-07-15 20:30:00,1.69
2025-07-15 20:45:00,1.55
2025-07-15 21:00:00,1.53
2025-07-15 21:15:00,1.54
2025-07-15 21:30:00,1.47
2025-07-15 21:45:00,1.41
2025-07-15 22:00:00,1.38
2025-07-15 22:15:00,1.34
2025-07-15 22:30:00,1.35
2025-07-15 22:45:00,1.32
2025-07-15 23:00:00,1.33
2025-07-15 23:15:00,1.28
2025-07-15 23:30:00,1.22
2025-07-15 23:45:00,1.22
2025-07-16 00:00:00,1.30
2025-07-16 00:15:00,1.23
2025-07-16 00:30:00,1.22
2025-07-16 00:45:00,1.34
2025-07-16 01:00:00,1.36
2025-07-16 01:15:00,1.32
2025-07-16 01:30:00,1.27
2025-07-16 01:45:00,1.28
2025-07-16 02:00:00,1.20
2025-07-16 02:15:00,1.21
2025-07-16 02:30:00,1.26
2025-07-16 02:45:00,1.25
2025-07-16 03:00:00,1.22
2025-07-16 03:15:00,1.30
2025-07-16 03:30:00,1.40
2025-07-16 03:45:00,1.32
2025-07-16 04:00:00,1.27
2025-07-16 04:15:00,1.25
2025-07-16 04:30:00,1.25
2025-07-16 04:45:00,1.22
2025-07-16 05:00:00,1.20
2025-07-16 05:15:00,1.30
2025-07-16 05:30:00,1.21
2025-07-16 05:45:00,1.28
2025-07-16 06:00:00,1.34
2025-07-16 06:15:00,1.34
2025-07-16 06:30:00,1.28
2025-07-16 06:45:00,1.29
2025-07-16 07:00:00,1.88
2025-07-16 07:15:00,2.70
2025-07-16 07:30:00,2.31
2025-07-16 07:45:00,1.80
2025-07-16 08:00:00,1.77
2025-07-16 08:15:00,2.52
2025-07-16 08:30:00,2.11
2025-07-16 08:45:00,2.78
2025-07-16 09:00:00,2.28
2025-07-16 09:15:00,2.24
2025-07-16 09:30:00,2.58
2025-07-16 09:45:00,1.96
2025-07-16 10:00:00,1.61
2025-07-16 10:15:00,1.65
2025-07-16 10:30:00,1.94
2025-07-16 10:45:00,2.47
2025-07-16 11:00:00,2.59
2025-07-16 11:15:00,2.75
2025-07-16 11:30:00,2.32
2025-07-16 11:45:00,1.83
2025-07-16 12:00:00,2.11
2025-07-16 12:15:00,1.93
2025-07-16 12:30:00,1.58
2025-07-16 12:45:00,1.71
2025-07-16 13:00:00,2.12
2025-07-16 13:15:00,1.89
2025-07-16 13:30:00,2.02
2025-07-16 13:45:00,2.30
2025-07-16 14:00:00,2.37
2025-07-16 14:15:00,4.36
2025-07-16 14:30:00,4.77
2025-07-16 14:45:00,3.84
2025-07-16 15:00:00,3.69
2025-07-16 15:15:00,3.81
2025-07-16 15:30:00,1.97
2025-07-16 15:45:00,1.92
2025-07-16 16:00:00,2.10
2025-07-16 16:15:00,1.98
2025-07-16 16:30:00,1.93
2025-07-16 16:45:00,1.51
2025-07-16 17:00:00,1.72
2025-07-16 17:15:00,1.70
2025-07-16 17:30:00,1.88
2025-07-16 17:45:00,1.82
2025-07-16 18:00:00,2.10
2025-07-16 18:15:00,2.07
2025-07-16 18:30:00,1.97
2025-07-16 18:45:00,2.06
2025-07-16 19:00:00,2.01
2025-07-16 19:15:00,1.79
2025-07-16 19:30:00,1.86
2025-07-16 19:45:00,2.03
2025-07-16 20:00:00,1.79
2025-07-16 20:15:00,2.02
2025-07-16 20:30:00,2.01
2025-07-16 20:45:00,1.81
2025-07-16 21:00:00,2.05
2025-07-16 21:15:00,1.83
2025-07-16 21:30:00,0.738
2025-07-16 21:45:00,1.12
2025-07-16 22:00:00,1.38
2025-07-16 22:15:00,1.39
2025-07-16 22:30:00,1.27
2025-07-16 22:45:00,1.37
2025-07-16 23:00:00,1.48
2025-07-16 23:15:00,1.39
2025-07-16 23:30:00,1.25
2025-07-16 23:45:00,1.63
2025-07-17 00:00:00,1.32
2025-07-17 00:15:00,1.46
2025-07-17 00:30:00,1.39
2025-07-17 00:45:00,1.55
2025-07-17 01:00:00,1.17
2025-07-17 01:15:00,1.30
2025-07-17 01:30:00,1.27
2025-07-17 01:45:00,1.35
2025-07-17 02:00:00,1.35
2025-07-17 02:15:00,1.17
2025-07-17 02:30:00,1.33
2025-07-17 02:45:00,1.33
2025-07-17 03:00:00,1.53
2025-07-17 03:15:00,1.60
2025-07-17 03:30:00,1.43
2025-07-17 03:45:00,1.42
2025-07-17 04:00:00,1.39
2025-07-17 04:15:00,1.42
2025-07-17 04:30:00,1.39
2025-07-17 04:45:00,1.55
2025-07-17 05:00:00,1.43
2025-07-17 05:15:00,1.35
2025-07-17 05:30:00,1.44
2025-07-17 05:45:00,1.56
2025-07-17 06:00:00,1.47
2025-07-17 06:15:00,1.29
2025-07-17 06:30:00,1.53
2025-07-17 06:45:00,1.52
2025-07-17 07:00:00,2.34
2025-07-17 07:15:00,2.31
2025-07-17 07:30:00,1.79
2025-07-17 07:45:00,1.66
2025-07-17 08:00:00,1.94
2025-07-17 08:15:00,2.09
2025-07-17 08:30:00,3.61
2025-07-17 08:45:00,4.06
2025-07-17 09:00:00,4.26
2025-07-17 09:15:00,5.59
2025-07-17 09:30:00,5.88
2025-07-17 09:45:00,4.77
2025-07-17 10:00:00,4.91
2025-07-17 10:15:00,5.20
2025-07-17 10:30:00,5.60
2025-07-17 10:45:00,5.27
2025-07-17 11:00:00,5.22
2025-07-17 11:15:00,5.43
2025-07-17 11:30:00,6.08
2025-07-17 11:45:00,6.36
2025-07-17 12:00:00,6.50
2025-07-17 12:15:00,5.66
2025-07-17 12:30:00,5.31
2025-07-17 12:45:00,5.17
2025-07-17 13:00:00,6.10
2025-07-17 13:15:00,5.63
2025-07-17 13:30:00,5.60
2025-07-17 13:45:00,5.99
2025-07-17 14:00:00,5.83
2025-07-17 14:15:00,6.00
2025-07-17 14:30:00,5.81
2025-07-17 14:45:00,6.90
2025-07-17 15:00:00,6.36
2025-07-17 15:15:00,7.12
2025-07-17 15:30:00,6.40
2025-07-17 15:45:00,6.17
2025-07-17 16:00:00,4.83
2025-07-17 16:15:00,5.15
2025-07-17 16:30:00,3.40
2025-07-17 16:45:00,1.05
2025-07-17 17:00:00,0.706
2025-07-17 17:15:00,0.705
2025-07-17 17:30:00,0.642
2025-07-17 17:45:00,0.755
2025-07-17 18:00:00,1.50
2025-07-17 18:15:00,1.67
2025-07-17 18:30:00,1.76
2025-07-17 18:45:00,1.76
2025-07-17 19:00:00,2.21
2025-07-17 19:15:00,2.78
2025-07-17 19:30:00,2.82
2025-07-17 19:45:00,3.80
2025-07-17 20:00:00,3.92
2025-07-17 20:15:00,3.61
2025-07-17 20:30:00,2.04
2025-07-17 20:45:00,1.62
2025-07-17 21:00:00,1.62
2025-07-17 21:15:00,1.53
2025-07-17 21:30:00,1.41
2025-07-17 21:45:00,1.47
2025-07-17 22:00:00,1.39
2025-07-17 22:15:00,1.42
2025-07-17 22:30:00,1.45
2025-07-17 22:45:00,1.49
2025-07-17 23:00:00,1.27
2025-07-17 23:15:00,1.49
2025-07-17 23:30:00,1.74
2025-07-17 23:45:00,1.54
2025-07-18 00:00:00,1.34
2025-07-18 00:15:00,1.23
2025-07-18 00:30:00,1.39
2025-07-18 00:45:00,1.42
2025-07-18 01:00:00,1.46
2025-07-18 01:15:00,1.49
2025-07-18 01:30:00,1.24
2025-07-18 01:45:00,1.23
2025-07-18 02:00:00,1.29
2025-07-18 02:15:00,1.55
2025-07-18 02:30:00,1.41
2025-07-18 02:45:00,1.49
2025-07-18 03:00:00,1.24
2025-07-18 03:15:00,1.51
2025-07-18 03:30:00,1.35
2025-07-18 03:45:00,1.45
2025-07-18 04:00:00,1.26
2025-07-18 04:15:00,1.44
2025-07-18 04:30:00,1.43
2025-07-18 04:45:00,1.61
2025-07-18 05:00:00,1.54
2025-07-18 05:15:00,1.46
2025-07-18 05:30:00,1.37
2025-07-18 05:45:00,1.29
2025-07-18 06:30:00,1.42
2025-07-18 06:45:00,1.22
2025-07-18 21:30:00,1.39
2025-07-18 21:45:00,1.37
2025-07-18 22:00:00,1.25
2025-07-18 22:15:00,1.21
2025-07-18 22:30:00,1.17
2025-07-18 22:45:00,1.20
2025-07-18 23:00:00,1.15
2025-07-18 23:15:00,1.13
2025-07-18 23:30:00,1.17
2025-07-18 23:45:00,1.35
2025-07-19 00:00:00,1.23
2025-07-19 00:15:00,1.25
2025-07-19 00:30:00,1.24
2025-07-19 09:00:00,0.683
2025-07-21 05:15:00,1.20
2025-07-21 05:30:00,1.33
2025-07-21 06:00:00,1.31
2025-07-21 06:15:00,1.20
2025-07-21 06:30:00,1.23
2025-07-21 06:45:00,1.36
2025-07-21 07:00:00,2.51
2025-07-21 07:15:00,1.81
2025-07-21 07:30:00,1.13
2025-07-21 07:45:00,1.42
2025-07-21 08:00:00,1.82
2025-07-21 08:15:00,5.54
2025-07-21 08:30:00,5.12
2025-07-21 08:45:00,4.83
2025-07-21 09:00:00,4.68
2025-07-21 09:15:00,5.03
2025-07-21 09:30:00,4.82
2025-07-21 09:45:00,4.82
2025-07-21 10:00:00,5.25
2025-07-21 10:15:00,4.78
2025-07-21 10:30:00,5.07
2025-07-21 10:45:00,4.92
2025-07-21 11:00:00,5.09
2025-07-21 11:15:00,5.11
2025-07-21 11:30:00,5.44
2025-07-21 11:45:00,4.83
2025-07-21 12:00:00,2.46
2025-07-21 12:30:00,1.73
2025-07-21 13:30:00,2.22
2025-07-21 13:45:00,1.23
2025-07-21 14:00:00,0.977
2025-07-21 14:15:00,0.931
2025-07-21 14:30:00,1.34

