"Time","Fase C"
2025-11-01 00:00:00,0.821
2025-11-01 00:15:00,0.848
2025-11-01 00:30:00,0.853
2025-11-01 00:45:00,0.710
2025-11-01 01:00:00,0.721
2025-11-01 01:15:00,0.694
2025-11-01 01:30:00,0.672
2025-11-01 01:45:00,0.721
2025-11-01 02:00:00,0.672
2025-11-01 02:15:00,0.736
2025-11-01 02:30:00,0.796
2025-11-01 02:45:00,0.777
2025-11-01 03:00:00,0.805
2025-11-01 03:15:00,0.651
2025-11-01 03:30:00,0.711
2025-11-01 03:45:00,0.679
2025-11-01 04:00:00,0.684
2025-11-01 04:15:00,0.711
2025-11-01 04:30:00,0.688
2025-11-01 04:45:00,0.827
2025-11-01 05:00:00,0.763
2025-11-01 05:15:00,0.714
2025-11-01 05:30:00,0.742
2025-11-01 05:45:00,0.673
2025-11-01 06:00:00,0.823
2025-11-01 06:15:00,0.557
2025-11-01 06:30:00,0.562
2025-11-01 06:45:00,0.568
2025-11-01 07:00:00,0.601
2025-11-01 07:15:00,0.623
2025-11-01 07:30:00,0.467
2025-11-01 07:45:00,0.529
2025-11-01 08:00:00,0.509
2025-11-01 08:15:00,0.560
2025-11-01 08:30:00,0.527
2025-11-01 08:45:00,0.481
2025-11-01 09:00:00,0.614
2025-11-01 09:15:00,0.564
2025-11-01 09:30:00,0.585
2025-11-01 09:45:00,0.483
2025-11-01 10:00:00,0.507
2025-11-01 10:15:00,0.519
2025-11-01 10:30:00,0.526
2025-11-01 10:45:00,0.531
2025-11-01 11:00:00,0.478
2025-11-01 11:15:00,0.636
2025-11-01 11:30:00,0.587
2025-11-01 11:45:00,0.594
2025-11-01 12:00:00,0.620
2025-11-01 12:15:00,0.470
2025-11-01 12:30:00,0.553
2025-11-01 12:45:00,0.512
2025-11-01 13:00:00,0.521
2025-11-01 13:15:00,0.594
2025-11-01 13:30:00,0.593
2025-11-01 13:45:00,0.611
2025-11-01 14:00:00,0.467
2025-11-01 14:15:00,0.536
2025-11-01 14:30:00,0.507
2025-11-01 14:45:00,0.565
2025-11-01 15:00:00,0.512
2025-11-01 15:15:00,0.522
2025-11-01 15:30:00,0.647
2025-11-01 15:45:00,0.567
2025-11-01 16:00:00,0.575
2025-11-01 16:15:00,0.498
2025-11-01 16:30:00,0.510
2025-11-01 16:45:00,0.571
2025-11-01 17:00:00,0.477
2025-11-01 17:15:00,0.610
2025-11-01 17:30:00,0.701
2025-11-01 17:45:00,0.625
2025-11-01 18:00:00,0.597
2025-11-01 18:15:00,0.489
2025-11-01 18:30:00,0.638
2025-11-01 18:45:00,0.675
2025-11-01 19:00:00,0.753
2025-11-01 19:15:00,0.851
2025-11-01 19:30:00,0.784
2025-11-01 19:45:00,0.867
2025-11-01 20:00:00,0.850
2025-11-01 20:15:00,0.755
2025-11-01 20:30:00,0.725
2025-11-01 20:45:00,0.707
2025-11-01 21:00:00,0.672
2025-11-01 21:15:00,0.647
2025-11-01 21:30:00,0.763
2025-11-01 21:45:00,0.754
2025-11-01 22:00:00,0.809
2025-11-01 22:15:00,0.699
2025-11-01 22:30:00,0.766
2025-11-01 22:45:00,0.797
2025-11-01 23:00:00,0.712
2025-11-01 23:15:00,0.719
2025-11-01 23:30:00,0.645
2025-11-01 23:45:00,0.820
2025-11-02 00:00:00,0.776
2025-11-02 00:15:00,0.748
2025-11-02 00:30:00,0.708
2025-11-02 00:45:00,0.655
2025-11-02 01:00:00,0.715
2025-11-02 01:15:00,0.719
2025-11-02 01:30:00,0.707
2025-11-02 01:45:00,0.765
2025-11-02 02:00:00,0.770
2025-11-02 02:15:00,0.809
2025-11-02 02:30:00,0.659
2025-11-02 02:45:00,0.710
2025-11-02 03:00:00,0.709
2025-11-02 03:15:00,0.683
2025-11-02 03:30:00,0.742
2025-11-02 03:45:00,0.805
2025-11-02 04:00:00,0.865
2025-11-02 04:15:00,0.746
2025-11-02 04:30:00,0.756
2025-11-02 04:45:00,0.680
2025-11-02 05:00:00,0.670
2025-11-02 05:15:00,0.708
2025-11-02 05:30:00,0.623
2025-11-02 05:45:00,0.663
2025-11-02 06:00:00,0.667
2025-11-02 06:15:00,0.624
2025-11-02 06:30:00,0.627
2025-11-02 06:45:00,0.476
2025-11-02 07:00:00,0.531
2025-11-02 07:15:00,0.475
2025-11-02 07:30:00,0.519
2025-11-02 07:45:00,0.504
2025-11-02 08:00:00,0.501
2025-11-02 08:15:00,0.685
2025-11-02 08:30:00,0.563
2025-11-02 08:45:00,0.600
2025-11-02 09:00:00,0.642
2025-11-02 09:15:00,0.548
2025-11-02 09:30:00,0.521
2025-11-02 09:45:00,0.471
2025-11-02 10:00:00,0.524
2025-11-02 10:15:00,0.541
2025-11-02 10:30:00,0.677
2025-11-02 10:45:00,0.606
2025-11-02 11:00:00,0.483
2025-11-02 11:15:00,0.525
2025-11-02 11:30:00,0.466
2025-11-02 11:45:00,0.527
2025-11-02 12:00:00,0.489
2025-11-02 12:15:00,0.535
2025-11-02 12:30:00,0.684
2025-11-02 12:45:00,0.565
2025-11-02 13:00:00,0.579
2025-11-02 13:15:00,0.484
2025-11-02 13:30:00,0.531
2025-11-02 13:45:00,0.520
2025-11-02 14:00:00,0.616
2025-11-02 14:15:00,0.616
2025-11-02 14:30:00,0.640
2025-11-02 14:45:00,0.623
2025-11-02 15:00:00,0.571
2025-11-02 15:15:00,0.492
2025-11-02 15:30:00,0.587
2025-11-02 15:45:00,0.485
2025-11-02 16:00:00,0.556
2025-11-02 16:15:00,0.548
2025-11-02 16:30:00,0.614
2025-11-02 16:45:00,0.645
2025-11-02 17:00:00,0.517
2025-11-02 17:15:00,0.538
2025-11-02 17:30:00,0.501
2025-11-02 17:45:00,0.565
2025-11-02 18:00:00,0.531
2025-11-02 18:15:00,0.517
2025-11-02 18:30:00,0.795
2025-11-02 18:45:00,0.798
2025-11-02 19:00:00,0.826
2025-11-02 19:15:00,0.720
2025-11-02 19:30:00,0.683
2025-11-02 19:45:00,0.719
2025-11-02 20:00:00,0.643
2025-11-02 20:15:00,0.726
2025-11-02 20:30:00,0.796
2025-11-02 20:45:00,0.784
2025-11-02 21:00:00,0.824
2025-11-02 21:15:00,0.651
2025-11-02 21:30:00,0.719
2025-11-02 21:45:00,0.708
2025-11-02 22:00:00,0.697
2025-11-02 22:15:00,0.744
2025-11-02 22:30:00,0.759
2025-11-02 22:45:00,0.847
2025-11-02 23:00:00,0.779
2025-11-02 23:15:00,0.674
2025-11-02 23:30:00,0.741
2025-11-02 23:45:00,0.797
2025-11-03 00:00:00,0.760
2025-11-03 00:15:00,0.700
2025-11-03 00:30:00,0.795
2025-11-03 00:45:00,0.829
2025-11-03 01:00:00,0.767
2025-11-03 01:15:00,0.694
2025-11-03 01:30:00,0.720
2025-11-03 01:45:00,0.659
2025-11-03 02:00:00,0.716
2025-11-03 02:15:00,0.720
2025-11-03 02:30:00,0.740
2025-11-03 02:45:00,0.828
2025-11-03 03:00:00,0.752
2025-11-03 03:15:00,0.748
2025-11-03 03:30:00,0.704
2025-11-03 03:45:00,0.689
2025-11-03 04:00:00,0.775
2025-11-03 04:15:00,0.668
2025-11-03 04:30:00,0.721
2025-11-03 04:45:00,0.878
2025-11-03 05:00:00,0.885
2025-11-03 05:15:00,0.760
2025-11-03 05:30:00,0.633
2025-11-03 05:45:00,0.634
2025-11-03 06:00:00,0.599
2025-11-03 06:15:00,0.493
2025-11-03 06:30:00,0.542
2025-11-03 06:45:00,3.98
2025-11-03 07:00:00,4.55
2025-11-03 07:15:00,4.64
2025-11-03 07:30:00,4.96
2025-11-03 07:45:00,7.28
2025-11-03 08:00:00,10.1
2025-11-03 08:15:00,9.58
2025-11-03 08:30:00,8.93
2025-11-03 08:45:00,9.01
2025-11-03 09:00:00,8.43
2025-11-03 09:15:00,8.71
2025-11-03 09:30:00,7.99
2025-11-03 09:45:00,9.29
2025-11-03 10:00:00,9.16
2025-11-03 10:15:00,8.13
2025-11-03 10:30:00,10.4
2025-11-03 10:45:00,12.3
2025-11-03 11:00:00,12.9
2025-11-03 11:15:00,10.1
2025-11-03 11:30:00,11.7
2025-11-03 11:45:00,10.6
2025-11-03 12:00:00,9.81
2025-11-03 12:15:00,8.37
2025-11-03 12:30:00,8.16
2025-11-03 12:45:00,8.47
2025-11-03 13:00:00,10.8
2025-11-03 13:15:00,10.1
2025-11-03 13:30:00,10.3
2025-11-03 13:45:00,9.90
2025-11-03 14:00:00,9.64
2025-11-03 14:15:00,9.73
2025-11-03 14:30:00,10.2
2025-11-03 14:45:00,9.76
2025-11-03 15:00:00,9.95
2025-11-03 15:15:00,11.4
2025-11-03 15:30:00,11.7
2025-11-03 15:45:00,13.5
2025-11-03 16:00:00,12.0
2025-11-03 16:15:00,9.52
2025-11-03 16:30:00,7.20
2025-11-03 16:45:00,5.61
2025-11-03 17:00:00,4.83
2025-11-03 17:15:00,3.48
2025-11-03 17:30:00,2.55
2025-11-03 17:45:00,3.12
2025-11-03 18:00:00,2.25
2025-11-03 18:15:00,0.877
2025-11-03 18:30:00,0.649
2025-11-03 18:45:00,0.831
2025-11-03 19:00:00,0.752
2025-11-03 19:15:00,0.827
2025-11-03 19:30:00,0.726
2025-11-03 19:45:00,0.750
2025-11-03 20:00:00,0.751
2025-11-03 20:15:00,0.692
2025-11-03 20:30:00,0.735
2025-11-03 20:45:00,0.808
2025-11-03 21:00:00,0.806
2025-11-03 21:15:00,0.877
2025-11-03 21:30:00,0.711
2025-11-03 21:45:00,0.719
2025-11-03 22:00:00,0.744
2025-11-03 22:15:00,0.698
2025-11-03 22:30:00,0.780
2025-11-03 22:45:00,0.978
2025-11-03 23:00:00,0.800
2025-11-03 23:15:00,0.838
2025-11-03 23:30:00,0.715
2025-11-03 23:45:00,0.712
2025-11-04 00:00:00,0.779
2025-11-04 00:15:00,0.744
2025-11-04 00:30:00,0.732
2025-11-04 00:45:00,0.796
2025-11-04 01:00:00,0.788
2025-11-04 01:15:00,0.834
2025-11-04 01:30:00,0.726
2025-11-04 01:45:00,0.704
2025-11-04 02:00:00,0.784
2025-11-04 02:15:00,0.696
2025-11-04 02:30:00,0.731
2025-11-04 02:45:00,0.764
2025-11-04 03:00:00,0.791
2025-11-04 03:15:00,0.943
2025-11-04 03:30:00,0.843
2025-11-04 03:45:00,0.740
2025-11-04 04:00:00,0.748
2025-11-04 04:15:00,0.704
2025-11-04 04:30:00,0.722
2025-11-04 04:45:00,0.758
2025-11-04 05:00:00,0.785
2025-11-04 05:15:00,0.845
2025-11-04 05:30:00,0.786
2025-11-04 05:45:00,0.800
2025-11-04 06:00:00,0.663
2025-11-04 06:15:00,0.618
2025-11-04 06:30:00,0.613
2025-11-04 06:45:00,0.605
2025-11-04 07:00:00,3.82
2025-11-04 07:15:00,5.77
2025-11-04 07:30:00,5.56
2025-11-04 07:45:00,6.30
2025-11-04 08:00:00,6.57
2025-11-04 08:15:00,10.9
2025-11-04 08:30:00,11.5
2025-11-04 08:45:00,9.50
2025-11-04 09:00:00,11.2
2025-11-04 09:15:00,13.6
2025-11-04 09:30:00,11.6
2025-11-04 09:45:00,12.0
2025-11-04 10:00:00,13.7
2025-11-04 10:15:00,11.3
2025-11-04 10:30:00,13.7
2025-11-04 10:45:00,15.5
2025-11-04 11:00:00,11.0
2025-11-04 11:15:00,11.4
2025-11-04 11:30:00,9.32
2025-11-04 11:45:00,13.0
2025-11-04 12:00:00,10.9
2025-11-04 12:15:00,14.3
2025-11-04 12:30:00,12.9
2025-11-04 12:45:00,13.3
2025-11-04 13:00:00,15.2
2025-11-04 13:15:00,13.8
2025-11-04 13:30:00,16.2
2025-11-04 13:45:00,13.9
2025-11-04 14:00:00,12.5
2025-11-04 14:15:00,15.0
2025-11-04 14:30:00,15.5
2025-11-04 14:45:00,14.5
2025-11-04 15:00:00,15.6
2025-11-04 15:15:00,19.7
2025-11-04 15:30:00,20.3
2025-11-04 15:45:00,15.1
2025-11-04 16:00:00,13.9
2025-11-04 16:15:00,11.8
2025-11-04 16:30:00,7.46
2025-11-04 16:45:00,5.70
2025-11-04 17:00:00,2.16
2025-11-04 17:15:00,1.37
2025-11-04 17:30:00,1.27
2025-11-04 17:45:00,1.32
2025-11-04 18:00:00,1.02
2025-11-04 18:15:00,0.984
2025-11-04 18:30:00,1.03
2025-11-04 18:45:00,0.949
2025-11-04 19:00:00,0.744
2025-11-04 19:15:00,0.882
2025-11-04 19:30:00,0.812
2025-11-04 19:45:00,0.856
2025-11-04 20:00:00,0.733
2025-11-04 20:15:00,0.733
2025-11-04 20:30:00,0.759
2025-11-04 20:45:00,0.713
2025-11-04 21:00:00,0.825
2025-11-04 21:15:00,0.824
2025-11-04 21:30:00,0.868
2025-11-04 21:45:00,0.782
2025-11-04 22:00:00,0.757
2025-11-04 22:15:00,0.748
2025-11-04 22:30:00,0.755
2025-11-04 22:45:00,0.752
2025-11-04 23:00:00,0.734
2025-11-04 23:15:00,0.882
2025-11-04 23:30:00,0.783
2025-11-04 23:45:00,0.884
2025-11-05 00:00:00,0.728
2025-11-05 00:15:00,0.746
2025-11-05 00:30:00,0.742
2025-11-05 00:45:00,0.721
2025-11-05 01:00:00,0.777
2025-11-05 01:15:00,0.842
2025-11-05 01:30:00,0.868
2025-11-05 01:45:00,0.792
2025-11-05 02:00:00,0.730
2025-11-05 02:15:00,0.764
2025-11-05 02:30:00,0.696
2025-11-05 02:45:00,0.802
2025-11-05 03:00:00,0.750
2025-11-05 03:15:00,0.837
2025-11-05 03:30:00,0.873
2025-11-05 03:45:00,0.778
2025-11-05 04:00:00,0.761
2025-11-05 04:15:00,0.769
2025-11-05 04:30:00,0.727
2025-11-05 04:45:00,0.771
2025-11-05 05:00:00,0.711
2025-11-05 05:15:00,0.824
2025-11-05 05:30:00,0.809
2025-11-05 05:45:00,0.695
2025-11-05 06:00:00,0.692
2025-11-05 06:15:00,0.549
2025-11-05 06:30:00,0.561
2025-11-05 06:45:00,0.971
2025-11-05 07:00:00,4.09
2025-11-05 07:15:00,7.74
2025-11-05 07:30:00,8.90
2025-11-05 07:45:00,10.9
2025-11-05 08:00:00,11.6
2025-11-05 08:15:00,12.9
2025-11-05 08:30:00,11.4
2025-11-05 08:45:00,11.7
2025-11-05 09:00:00,11.7
2025-11-05 09:15:00,14.7
2025-11-05 09:30:00,11.4
2025-11-05 09:45:00,12.3
2025-11-05 10:00:00,11.9
2025-11-05 10:15:00,11.7
2025-11-05 10:30:00,14.6
2025-11-05 10:45:00,12.7
2025-11-05 11:00:00,14.9
2025-11-05 11:15:00,12.0
2025-11-05 11:30:00,11.8
2025-11-05 11:45:00,15.0
2025-11-05 12:00:00,10.9
2025-11-05 12:15:00,9.07
2025-11-05 12:30:00,7.37
2025-11-05 12:45:00,6.86
2025-11-05 13:00:00,11.0
2025-11-05 13:15:00,10.1
2025-11-05 13:30:00,11.1
2025-11-05 13:45:00,8.85
2025-11-05 14:00:00,10.6
2025-11-05 14:15:00,9.86
2025-11-05 14:30:00,11.2
2025-11-05 14:45:00,12.4
2025-11-05 15:00:00,11.0
2025-11-05 15:15:00,13.6
2025-11-05 15:30:00,12.5
2025-11-05 15:45:00,13.2
2025-11-05 16:00:00,8.32
2025-11-05 16:15:00,5.90
2025-11-05 16:30:00,3.12
2025-11-05 16:45:00,3.27
2025-11-05 17:00:00,1.52
2025-11-05 17:15:00,1.77
2025-11-05 17:30:00,1.23
2025-11-05 17:45:00,1.26
2025-11-05 18:00:00,1.37
2025-11-05 18:15:00,1.09
2025-11-05 18:30:00,0.835
2025-11-05 18:45:00,0.742
2025-11-05 19:00:00,0.835
2025-11-05 19:15:00,0.859
2025-11-05 19:30:00,0.801
2025-11-05 19:45:00,0.787
2025-11-05 20:00:00,0.665
2025-11-05 20:15:00,0.753
2025-11-05 20:30:00,0.684
2025-11-05 20:45:00,0.715
2025-11-05 21:00:00,0.698
2025-11-05 21:15:00,0.768
2025-11-05 21:30:00,0.825
2025-11-05 21:45:00,0.763
2025-11-05 22:00:00,0.729
2025-11-05 22:15:00,0.711
2025-11-05 22:30:00,0.666
2025-11-05 22:45:00,0.719
2025-11-05 23:00:00,0.720
2025-11-05 23:15:00,0.791
2025-11-05 23:30:00,0.858
2025-11-05 23:45:00,0.759
2025-11-06 00:00:00,0.714
2025-11-06 00:15:00,0.719
2025-11-06 00:30:00,0.667
2025-11-06 00:45:00,0.746
2025-11-06 01:00:00,0.743
2025-11-06 01:15:00,0.732
2025-11-06 01:30:00,0.834
2025-11-06 01:45:00,0.783
2025-11-06 02:00:00,0.743
2025-11-06 02:15:00,0.730
2025-11-06 02:30:00,0.676
2025-11-06 02:45:00,0.747
2025-11-06 03:00:00,0.734
2025-11-06 03:15:00,0.713
2025-11-06 03:30:00,0.864
2025-11-06 03:45:00,0.877
2025-11-06 04:00:00,0.840
2025-11-06 04:15:00,0.800
2025-11-06 04:30:00,0.761
2025-11-06 04:45:00,0.805
2025-11-06 05:00:00,0.771
2025-11-06 05:15:00,0.643
2025-11-06 05:30:00,0.675
2025-11-06 05:45:00,0.699
2025-11-06 06:00:00,0.667
2025-11-06 06:15:00,0.596
2025-11-06 06:30:00,0.516
2025-11-06 06:45:00,0.542
2025-11-06 07:00:00,0.726
2025-11-06 07:15:00,1.22
2025-11-06 07:30:00,0.712
2025-11-06 07:45:00,0.990
2025-11-06 08:00:00,3.17
2025-11-06 08:15:00,3.79
2025-11-06 08:30:00,4.73
2025-11-06 08:45:00,6.21
2025-11-06 09:00:00,4.35
2025-11-06 09:15:00,3.73
2025-11-06 09:30:00,3.51
2025-11-06 09:45:00,5.27
2025-11-06 10:00:00,5.98
2025-11-06 10:15:00,5.86
2025-11-06 10:30:00,6.21
2025-11-06 10:45:00,6.43
2025-11-06 11:00:00,6.52
2025-11-06 11:15:00,6.02
2025-11-06 11:30:00,5.71
2025-11-06 11:45:00,5.76
2025-11-06 12:00:00,5.08
2025-11-06 12:15:00,4.78
2025-11-06 12:30:00,4.10
2025-11-06 12:45:00,6.04
2025-11-06 13:00:00,6.62
2025-11-06 13:15:00,7.05
2025-11-06 13:30:00,8.08
2025-11-06 13:45:00,7.92
2025-11-06 14:00:00,7.65
2025-11-06 14:15:00,7.90
2025-11-06 14:30:00,7.84
2025-11-06 14:45:00,8.37
2025-11-06 15:00:00,8.38
2025-11-06 15:15:00,8.46
2025-11-06 15:30:00,8.33
2025-11-06 15:45:00,7.24
2025-11-06 16:00:00,7.48
2025-11-06 16:15:00,6.35
2025-11-06 16:30:00,5.94
2025-11-06 16:45:00,6.93
2025-11-06 17:00:00,5.07
2025-11-06 17:15:00,4.10
2025-11-06 17:30:00,3.62
2025-11-06 17:45:00,3.79
2025-11-06 18:00:00,2.89
2025-11-06 18:15:00,2.71
2025-11-06 18:30:00,2.21
2025-11-06 18:45:00,1.53
2025-11-06 19:00:00,0.840
2025-11-06 19:15:00,0.632
2025-11-06 19:30:00,0.721
2025-11-06 19:45:00,0.717
2025-11-06 20:00:00,0.637
2025-11-06 20:15:00,0.904
2025-11-06 20:30:00,0.748
2025-11-06 20:45:00,0.773
2025-11-06 21:00:00,0.703
2025-11-06 21:15:00,0.751
2025-11-06 21:30:00,0.742
2025-11-06 21:45:00,0.800
2025-11-06 22:00:00,0.756
2025-11-06 22:15:00,0.838
2025-11-06 22:30:00,0.852
2025-11-06 22:45:00,0.824
2025-11-06 23:00:00,0.697
2025-11-06 23:15:00,0.692
2025-11-06 23:30:00,0.699
2025-11-06 23:45:00,0.706
2025-11-07 00:00:00,0.644
2025-11-07 00:15:00,0.750
2025-11-07 00:30:00,0.745
2025-11-07 00:45:00,0.802
2025-11-07 01:00:00,0.691
2025-11-07 01:15:00,0.707
2025-11-07 01:30:00,0.705
2025-11-07 01:45:00,0.669
2025-11-07 02:00:00,0.702
2025-11-07 02:15:00,0.648
2025-11-07 02:30:00,0.786
2025-11-07 02:45:00,0.789
2025-11-07 03:00:00,0.750
2025-11-07 03:15:00,0.714
2025-11-07 03:30:00,0.638
2025-11-07 03:45:00,0.700
2025-11-07 04:00:00,0.670
2025-11-07 04:15:00,0.664
2025-11-07 04:30:00,0.734
2025-11-07 04:45:00,0.748
2025-11-07 05:00:00,0.834
2025-11-07 05:15:00,0.676
2025-11-07 05:30:00,0.664
2025-11-07 05:45:00,0.670
2025-11-07 06:00:00,0.625
2025-11-07 06:15:00,0.674
2025-11-07 06:30:00,0.627
2025-11-07 06:45:00,0.804
2025-11-07 07:00:00,1.14
2025-11-07 07:15:00,1.82
2025-11-07 07:30:00,1.64
2025-11-07 07:45:00,3.21
2025-11-07 08:00:00,3.76
2025-11-07 08:15:00,4.47
2025-11-07 08:30:00,4.91
2025-11-07 08:45:00,5.48
2025-11-07 09:00:00,5.19
2025-11-07 09:15:00,4.92
2025-11-07 09:30:00,4.90
2025-11-07 09:45:00,4.67
2025-11-07 10:00:00,3.68
2025-11-07 10:15:00,4.10
2025-11-07 10:30:00,4.98
2025-11-07 10:45:00,4.52
2025-11-07 11:00:00,4.40
2025-11-07 11:15:00,4.46
2025-11-07 11:30:00,3.28
2025-11-07 11:45:00,4.07
2025-11-07 12:00:00,4.43
2025-11-07 12:15:00,3.15
2025-11-07 12:30:00,2.69
2025-11-07 12:45:00,3.51
2025-11-07 13:00:00,3.72
2025-11-07 13:15:00,3.01
2025-11-07 13:30:00,3.51
2025-11-07 13:45:00,3.43
2025-11-07 14:00:00,3.30
2025-11-07 14:15:00,3.39
2025-11-07 14:30:00,3.36
2025-11-07 14:45:00,3.57
2025-11-07 15:00:00,3.43
2025-11-07 15:15:00,4.55
2025-11-07 15:30:00,4.50
2025-11-07 15:45:00,4.75
2025-11-07 16:00:00,4.01
2025-11-07 16:15:00,3.46
2025-11-07 16:30:00,3.50
2025-11-07 16:45:00,1.59
2025-11-07 17:00:00,0.594
2025-11-07 17:15:00,0.676
2025-11-07 17:30:00,0.567
2025-11-07 17:45:00,0.630
2025-11-07 18:00:00,0.531
2025-11-07 18:15:00,0.650
2025-11-07 18:30:00,0.654
2025-11-07 18:45:00,0.609
2025-11-07 19:00:00,0.674
2025-11-07 19:15:00,0.620
2025-11-07 19:30:00,0.751
2025-11-07 19:45:00,0.778
2025-11-07 20:00:00,0.793
2025-11-07 20:15:00,0.669
2025-11-07 20:30:00,0.650
2025-11-07 20:45:00,0.674
2025-11-07 21:00:00,0.625
2025-11-07 21:15:00,0.740
2025-11-07 21:30:00,0.629
2025-11-07 21:45:00,0.743
2025-11-07 22:00:00,0.779
2025-11-07 22:15:00,0.761
2025-11-07 22:30:00,0.670
2025-11-07 22:45:00,0.642
2025-11-07 23:00:00,0.688
2025-11-07 23:15:00,0.632
2025-11-07 23:30:00,0.692
2025-11-07 23:45:00,0.629
2025-11-08 00:00:00,0.770
2025-11-08 00:15:00,0.802
2025-11-08 00:30:00,0.803
2025-11-08 00:45:00,0.734
2025-11-08 01:00:00,0.721
2025-11-08 01:15:00,0.736
2025-11-08 01:30:00,0.700
2025-11-08 01:45:00,0.800
2025-11-08 02:00:00,0.633
2025-11-08 02:15:00,0.796
2025-11-08 02:30:00,0.768
2025-11-08 02:45:00,0.765
2025-11-08 03:00:00,0.650
2025-11-08 03:15:00,0.683
2025-11-08 03:30:00,0.674
2025-11-08 03:45:00,0.666
2025-11-08 04:00:00,0.675
2025-11-08 04:15:00,0.648
2025-11-08 04:30:00,0.793
2025-11-08 04:45:00,0.762
2025-11-08 05:00:00,0.770
2025-11-08 05:15:00,0.830
2025-11-08 05:30:00,0.706
2025-11-08 05:45:00,0.724
2025-11-08 06:00:00,0.716
2025-11-08 06:15:00,0.705
2025-11-08 06:30:00,0.610
2025-11-08 06:45:00,0.559
2025-11-08 07:00:00,0.551
2025-11-08 07:15:00,0.499
2025-11-08 07:30:00,0.491
2025-11-08 07:45:00,0.454
2025-11-08 08:00:00,0.518
2025-11-08 08:15:00,0.455
2025-11-08 08:30:00,0.503
2025-11-08 08:45:00,0.468
2025-11-08 09:00:00,0.597
2025-11-08 09:15:00,0.582
2025-11-08 09:30:00,0.511
2025-11-08 09:45:00,0.528
2025-11-08 10:00:00,0.497
2025-11-08 10:15:00,0.561
2025-11-08 10:30:00,0.513
2025-11-08 10:45:00,0.573
2025-11-08 11:00:00,0.530
2025-11-08 11:15:00,0.692
2025-11-08 11:30:00,0.610
2025-11-08 11:45:00,0.545
2025-11-08 12:00:00,0.490
2025-11-08 12:15:00,0.510
2025-11-08 12:30:00,0.448
2025-11-08 12:45:00,0.509
2025-11-08 13:00:00,0.449
2025-11-08 13:15:00,0.539
2025-11-08 13:30:00,0.561
2025-11-08 13:45:00,0.608
2025-11-08 14:00:00,0.504
2025-11-08 14:15:00,0.512
2025-11-08 14:30:00,0.449
2025-11-08 14:45:00,0.511
2025-11-08 15:00:00,0.472
2025-11-08 15:15:00,0.530
2025-11-08 15:30:00,0.528
2025-11-08 15:45:00,0.604
2025-11-08 16:00:00,0.606
2025-11-08 16:15:00,0.499
2025-11-08 16:30:00,0.466
2025-11-08 16:45:00,0.479
2025-11-08 17:00:00,0.467
2025-11-08 17:15:00,0.478
2025-11-08 17:30:00,0.471
2025-11-08 17:45:00,0.586
2025-11-08 18:00:00,0.617
2025-11-08 18:15:00,0.560
2025-11-08 18:30:00,0.592
2025-11-08 18:45:00,0.610
2025-11-08 19:00:00,0.655
2025-11-08 19:15:00,0.680
2025-11-08 19:30:00,0.738
2025-11-08 19:45:00,0.696
2025-11-08 20:00:00,0.878
2025-11-08 20:15:00,0.802
2025-11-08 20:30:00,0.786
2025-11-08 20:45:00,0.637
2025-11-08 21:00:00,0.688
2025-11-08 21:15:00,0.624
2025-11-08 21:30:00,0.707
2025-11-08 21:45:00,0.625
2025-11-08 22:00:00,0.707
2025-11-08 22:15:00,0.766
2025-11-08 22:30:00,0.808
2025-11-08 22:45:00,0.676
2025-11-08 23:00:00,0.672
2025-11-08 23:15:00,0.659
2025-11-08 23:30:00,0.660
2025-11-08 23:45:00,0.670
2025-11-09 00:00:00,0.651
2025-11-09 00:15:00,0.703
2025-11-09 00:30:00,0.763
2025-11-09 00:45:00,0.819
2025-11-09 01:00:00,0.663
2025-11-09 01:15:00,0.691
2025-11-09 01:30:00,0.630
2025-11-09 01:45:00,0.692
2025-11-09 02:00:00,0.632
2025-11-09 02:15:00,0.690
2025-11-09 02:30:00,0.631
2025-11-09 02:45:00,0.804
2025-11-09 03:00:00,0.730
2025-11-09 03:15:00,0.761
2025-11-09 03:30:00,0.645
2025-11-09 03:45:00,0.704
2025-11-09 04:00:00,0.639
2025-11-09 04:15:00,0.676
2025-11-09 04:30:00,0.660
2025-11-09 04:45:00,0.727
2025-11-09 05:00:00,0.805
2025-11-09 05:15:00,0.798
2025-11-09 05:30:00,0.713
2025-11-09 05:45:00,0.618
2025-11-09 06:00:00,0.591
2025-11-09 06:15:00,0.476
2025-11-09 06:30:00,0.491
2025-11-09 06:45:00,0.465
2025-11-09 07:00:00,0.497
2025-11-09 07:15:00,0.537
2025-11-09 07:30:00,0.602
2025-11-09 07:45:00,0.520
2025-11-09 08:00:00,0.507
2025-11-09 08:15:00,0.447
2025-11-09 08:30:00,0.547
2025-11-09 08:45:00,0.441
2025-11-09 09:00:00,0.504
2025-11-09 09:15:00,0.445
2025-11-09 09:30:00,0.596
2025-11-09 09:45:00,0.546
2025-11-09 10:00:00,0.607
2025-11-09 10:15:00,0.447
2025-11-09 10:30:00,0.528
2025-11-09 10:45:00,0.462
2025-11-09 11:00:00,0.511
2025-11-09 11:15:00,0.440
2025-11-09 11:30:00,0.506
2025-11-09 11:45:00,0.534
2025-11-09 12:00:00,0.607
2025-11-09 12:15:00,0.511
2025-11-09 12:30:00,0.539
2025-11-09 12:45:00,0.469
2025-11-09 13:00:00,0.485
2025-11-09 13:15:00,0.476
2025-11-09 13:30:00,0.480
2025-11-09 13:45:00,0.594
2025-11-09 14:00:00,0.642
2025-11-09 14:15:00,0.703
2025-11-09 14:30:00,0.544
2025-11-09 14:45:00,0.576
2025-11-09 15:00:00,0.511
2025-11-09 15:15:00,0.576
2025-11-09 15:30:00,0.483
2025-11-09 15:45:00,0.513
2025-11-09 16:00:00,0.569
2025-11-09 16:15:00,0.654
2025-11-09 16:30:00,0.547
2025-11-09 16:45:00,0.497
2025-11-09 17:00:00,0.478
2025-11-09 17:15:00,0.483
2025-11-09 17:30:00,0.499
2025-11-09 17:45:00,0.497
2025-11-09 18:00:00,0.546
2025-11-09 18:15:00,0.571
2025-11-09 18:30:00,0.614
2025-11-09 18:45:00,0.554
2025-11-09 19:00:00,0.662
2025-11-09 19:15:00,0.625
2025-11-09 19:30:00,0.676
2025-11-09 19:45:00,0.691
2025-11-09 20:00:00,0.666
2025-11-09 20:15:00,0.733
2025-11-09 20:30:00,0.752
2025-11-09 20:45:00,0.792
2025-11-09 21:00:00,0.650
2025-11-09 21:15:00,0.695
2025-11-09 21:30:00,0.638
2025-11-09 21:45:00,0.687
2025-11-09 22:00:00,0.695
2025-11-09 22:15:00,0.670
2025-11-09 22:30:00,0.767
2025-11-09 22:45:00,0.749
2025-11-09 23:00:00,0.812
2025-11-09 23:15:00,0.691
2025-11-09 23:30:00,0.755
2025-11-09 23:45:00,0.714
2025-11-10 00:00:00,0.750
2025-11-10 00:15:00,0.734
2025-11-10 00:30:00,0.751
2025-11-10 00:45:00,0.770
2025-11-10 01:00:00,0.745
2025-11-10 01:15:00,0.800
2025-11-10 01:30:00,0.632
2025-11-10 01:45:00,0.696
2025-11-10 02:00:00,0.650
2025-11-10 02:15:00,0.672
2025-11-10 02:30:00,0.673
2025-11-10 02:45:00,0.654
2025-11-10 03:00:00,0.771
2025-11-10 03:15:00,0.750
2025-11-10 03:30:00,0.786
2025-11-10 03:45:00,0.631
2025-11-10 04:00:00,0.697
2025-11-10 04:15:00,0.657
2025-11-10 04:30:00,0.673
2025-11-10 04:45:00,0.703
2025-11-10 05:00:00,0.642
2025-11-10 05:15:00,0.720
2025-11-10 05:30:00,0.685
2025-11-10 05:45:00,0.684
2025-11-10 06:00:00,0.563
2025-11-10 06:15:00,0.543
2025-11-10 06:30:00,0.472
2025-11-10 06:45:00,1.88
2025-11-10 07:00:00,1.34
2025-11-10 07:15:00,4.23
2025-11-10 07:30:00,4.74
2025-11-10 07:45:00,4.30
2025-11-10 08:00:00,8.38
2025-11-10 08:15:00,5.95
2025-11-10 08:30:00,5.90
2025-11-10 08:45:00,7.09
2025-11-10 09:00:00,7.66
2025-11-10 09:15:00,6.37
2025-11-10 09:30:00,8.48
2025-11-10 09:45:00,6.69
2025-11-10 10:00:00,6.88
2025-11-10 10:15:00,7.62
2025-11-10 10:30:00,8.89
2025-11-10 10:45:00,7.75
2025-11-10 11:00:00,9.75
2025-11-10 11:15:00,7.68
2025-11-10 11:30:00,6.62
2025-11-10 11:45:00,7.19
2025-11-10 12:00:00,9.11
2025-11-10 12:15:00,6.39
2025-11-10 12:30:00,8.05
2025-11-10 12:45:00,5.68
2025-11-10 13:00:00,5.82
2025-11-10 13:15:00,6.78
2025-11-10 13:30:00,6.00
2025-11-10 13:45:00,5.98
2025-11-10 14:00:00,5.07
2025-11-10 14:15:00,6.17
2025-11-10 14:30:00,6.15
2025-11-10 14:45:00,6.37
2025-11-10 15:00:00,5.79
2025-11-10 15:15:00,7.71
2025-11-10 15:30:00,9.49
2025-11-10 15:45:00,9.44
2025-11-10 16:00:00,8.86
2025-11-10 16:15:00,6.61
2025-11-10 16:30:00,5.68
2025-11-10 16:45:00,4.34
2025-11-10 17:00:00,3.18
2025-11-10 17:15:00,3.13
2025-11-10 17:30:00,2.82
2025-11-10 17:45:00,3.54
2025-11-10 18:00:00,2.92
2025-11-10 18:15:00,1.46
2025-11-10 18:30:00,0.843
2025-11-10 18:45:00,0.724
2025-11-10 19:00:00,0.611
2025-11-10 19:15:00,0.730
2025-11-10 19:30:00,0.635
2025-11-10 19:45:00,0.740
2025-11-10 20:00:00,0.636
2025-11-10 20:15:00,0.874
2025-11-10 20:30:00,0.740
2025-11-10 20:45:00,0.816
2025-11-10 21:00:00,0.667
2025-11-10 21:15:00,0.723
2025-11-10 21:30:00,0.653
2025-11-10 21:45:00,0.713
2025-11-10 22:00:00,0.680
2025-11-10 22:15:00,0.754
2025-11-10 22:30:00,0.800
2025-11-10 22:45:00,0.855
2025-11-10 23:00:00,0.897
2025-11-10 23:15:00,0.727
2025-11-10 23:30:00,0.788
2025-11-10 23:45:00,0.749
2025-11-11 00:00:00,0.763
2025-11-11 00:15:00,0.734
2025-11-11 00:30:00,0.703
2025-11-11 00:45:00,0.745
2025-11-11 01:00:00,0.803
2025-11-11 01:15:00,0.662
2025-11-11 01:30:00,0.689
2025-11-11 01:45:00,0.667
2025-11-11 02:00:00,0.703
2025-11-11 02:15:00,0.695
2025-11-11 02:30:00,0.713
2025-11-11 02:45:00,0.801
2025-11-11 03:00:00,0.879
2025-11-11 03:15:00,0.758
2025-11-11 03:30:00,0.773
2025-11-11 03:45:00,0.744
2025-11-11 04:00:00,0.747
2025-11-11 04:15:00,0.773
2025-11-11 04:30:00,0.749
2025-11-11 04:45:00,0.749
2025-11-11 05:00:00,0.747
2025-11-11 05:15:00,0.788
2025-11-11 05:30:00,0.629
2025-11-11 05:45:00,0.604
2025-11-11 06:00:00,0.596
2025-11-11 06:15:00,0.508
2025-11-11 06:30:00,0.534
2025-11-11 06:45:00,2.53
2025-11-11 07:00:00,3.97
2025-11-11 07:15:00,4.41
2025-11-11 07:30:00,4.57
2025-11-11 07:45:00,5.93
2025-11-11 08:00:00,8.54
2025-11-11 08:15:00,6.82
2025-11-11 08:30:00,8.62
2025-11-11 08:45:00,10.1
2025-11-11 09:00:00,10.2
2025-11-11 09:15:00,9.57
2025-11-11 09:30:00,8.68
2025-11-11 09:45:00,8.56
2025-11-11 10:00:00,8.10
2025-11-11 10:15:00,8.19
2025-11-11 10:30:00,10.6
2025-11-11 10:45:00,10.4
2025-11-11 11:00:00,11.2
2025-11-11 11:15:00,9.69
2025-11-11 11:30:00,6.86
2025-11-11 11:45:00,8.30
2025-11-11 12:00:00,5.87
2025-11-11 12:15:00,5.61
2025-11-11 12:30:00,5.13
2025-11-11 12:45:00,5.18
2025-11-11 13:00:00,5.67
2025-11-11 13:15:00,6.82
2025-11-11 13:30:00,8.56
2025-11-11 13:45:00,9.87
2025-11-11 14:00:00,8.91
2025-11-11 14:15:00,9.16
2025-11-11 14:30:00,9.22
2025-11-11 14:45:00,9.98
2025-11-11 15:00:00,8.77
2025-11-11 15:15:00,12.6
2025-11-11 15:30:00,14.2
2025-11-11 15:45:00,10.6
2025-11-11 16:00:00,10.8
2025-11-11 16:15:00,6.86
2025-11-11 16:30:00,5.78
2025-11-11 16:45:00,3.14
2025-11-11 17:00:00,2.97
2025-11-11 17:15:00,2.28
2025-11-11 17:30:00,1.91
2025-11-11 17:45:00,1.73
2025-11-11 18:00:00,1.43
2025-11-11 18:15:00,1.24
2025-11-11 18:30:00,0.946
2025-11-11 18:45:00,0.764
2025-11-11 19:00:00,0.617
2025-11-11 19:15:00,0.789
2025-11-11 19:30:00,0.804
2025-11-11 19:45:00,0.729
2025-11-11 20:00:00,0.684
2025-11-11 20:15:00,0.766
2025-11-11 20:30:00,0.640
2025-11-11 20:45:00,0.683
2025-11-11 21:00:00,0.719
2025-11-11 21:15:00,0.704
2025-11-11 21:30:00,0.801
2025-11-11 21:45:00,0.841
2025-11-11 22:00:00,0.659
2025-11-11 22:15:00,0.718
2025-11-11 22:30:00,0.679
2025-11-11 22:45:00,0.645
2025-11-11 23:00:00,0.751
2025-11-11 23:15:00,0.692
2025-11-11 23:30:00,0.809
2025-11-11 23:45:00,0.825
2025-11-12 00:00:00,0.684
2025-11-12 00:15:00,0.703
2025-11-12 00:30:00,0.712
2025-11-12 00:45:00,0.640
2025-11-12 01:00:00,0.780
2025-11-12 01:15:00,0.651
2025-11-12 01:30:00,0.791
2025-11-12 01:45:00,0.816
2025-11-12 02:00:00,0.722
2025-11-12 02:15:00,0.716
2025-11-12 02:30:00,0.733
2025-11-12 02:45:00,0.774
2025-11-12 03:00:00,0.795
2025-11-12 03:15:00,0.717
2025-11-12 03:30:00,0.845
2025-11-12 03:45:00,0.836
2025-11-12 04:00:00,0.855
2025-11-12 04:15:00,0.854
2025-11-12 04:30:00,0.748
2025-11-12 04:45:00,0.756
2025-11-12 05:00:00,0.652
2025-11-12 05:15:00,0.649
2025-11-12 05:30:00,0.653
2025-11-12 05:45:00,0.618
2025-11-12 06:00:00,0.705
2025-11-12 06:15:00,0.595
2025-11-12 06:30:00,0.500
2025-11-12 06:45:00,0.514
2025-11-12 07:00:00,0.971
2025-11-12 07:15:00,5.47
2025-11-12 07:30:00,5.22
2025-11-12 07:45:00,9.40
2025-11-12 08:00:00,11.8
2025-11-12 08:15:00,12.8
2025-11-12 08:30:00,13.0
2025-11-12 08:45:00,11.9
2025-11-12 09:00:00,10.3
2025-11-12 09:15:00,12.8
2025-11-12 09:30:00,12.8
2025-11-12 09:45:00,12.5
2025-11-12 10:00:00,14.2
2025-11-12 10:15:00,12.8
2025-11-12 10:30:00,15.4
2025-11-12 10:45:00,16.9
2025-11-12 11:00:00,16.9
2025-11-12 11:15:00,13.3
2025-11-12 11:30:00,14.2
2025-11-12 11:45:00,13.5
2025-11-12 12:00:00,12.8
2025-11-12 12:15:00,11.7
2025-11-12 12:30:00,12.6
2025-11-12 12:45:00,12.8
2025-11-12 13:00:00,14.1
2025-11-12 13:15:00,13.4
2025-11-12 13:30:00,14.2
2025-11-12 13:45:00,10.9
2025-11-12 14:00:00,14.4
2025-11-12 14:15:00,16.1
2025-11-12 14:30:00,16.6
2025-11-12 14:45:00,17.7
2025-11-12 15:00:00,17.4
2025-11-12 15:15:00,18.4
2025-11-12 15:30:00,19.3
2025-11-12 15:45:00,18.2
2025-11-12 16:00:00,13.3
2025-11-12 16:15:00,11.3
2025-11-12 16:30:00,8.61
2025-11-12 16:45:00,6.92
2025-11-12 17:00:00,3.67
2025-11-12 17:15:00,1.33
2025-11-12 17:30:00,1.26
2025-11-12 17:45:00,1.33
2025-11-12 18:00:00,1.66
2025-11-12 18:15:00,1.57
2025-11-12 18:30:00,1.37
2025-11-12 18:45:00,1.06
2025-11-12 19:00:00,0.768
2025-11-12 19:15:00,0.681
2025-11-12 19:30:00,0.693
2025-11-12 19:45:00,0.742
2025-11-12 20:00:00,0.731
2025-11-12 20:15:00,0.874
2025-11-12 20:30:00,0.790
2025-11-12 20:45:00,0.733
2025-11-12 21:00:00,0.707
2025-11-12 21:15:00,0.646
2025-11-12 21:30:00,0.757
2025-11-12 21:45:00,0.659
2025-11-12 22:00:00,0.754
2025-11-12 22:15:00,0.802
2025-11-12 22:30:00,0.753
2025-11-12 22:45:00,0.801
2025-11-12 23:00:00,0.641
2025-11-12 23:15:00,0.755
2025-11-12 23:30:00,0.690
2025-11-12 23:45:00,0.706
2025-11-13 00:00:00,0.694
2025-11-13 00:15:00,0.756
2025-11-13 00:30:00,0.824
2025-11-13 00:45:00,0.720
2025-11-13 01:00:00,0.799
2025-11-13 01:15:00,0.658
2025-11-13 01:30:00,0.741
2025-11-13 01:45:00,0.697
2025-11-13 02:00:00,0.782
2025-11-13 02:15:00,0.827
2025-11-13 02:30:00,0.939
2025-11-13 02:45:00,0.847
2025-11-13 03:00:00,0.756
2025-11-13 03:15:00,0.759
2025-11-13 03:30:00,0.747
2025-11-13 03:45:00,0.766
2025-11-13 04:00:00,0.688
2025-11-13 04:15:00,0.771
2025-11-13 04:30:00,0.786
2025-11-13 04:45:00,0.800
2025-11-13 05:00:00,0.714
2025-11-13 05:15:00,0.681
2025-11-13 05:30:00,0.650
2025-11-13 05:45:00,0.615
2025-11-13 06:00:00,0.616
2025-11-13 06:15:00,0.552
2025-11-13 06:30:00,0.584
2025-11-13 06:45:00,0.607
2025-11-13 07:00:00,1.04
2025-11-13 07:15:00,4.84
2025-11-13 07:30:00,5.74
2025-11-13 07:45:00,6.18
2025-11-13 08:00:00,10.1
2025-11-13 08:15:00,9.18
2025-11-13 08:30:00,10.0
2025-11-13 08:45:00,6.74
2025-11-13 09:00:00,7.27
2025-11-13 09:15:00,8.02
2025-11-13 09:30:00,8.80
2025-11-13 09:45:00,8.61
2025-11-13 10:00:00,11.4
2025-11-13 10:15:00,10.2
2025-11-13 10:30:00,10.2
2025-11-13 10:45:00,11.0
2025-11-13 11:00:00,10.9
2025-11-13 11:15:00,13.0
2025-11-13 11:30:00,8.51
2025-11-13 11:45:00,11.5
2025-11-13 12:00:00,11.4
2025-11-13 12:15:00,9.59
2025-11-13 12:30:00,12.3
2025-11-13 12:45:00,13.0
2025-11-13 13:00:00,10.7
2025-11-13 13:15:00,10.7
2025-11-13 13:30:00,10.3
2025-11-13 13:45:00,10.5
2025-11-13 14:00:00,14.5
2025-11-13 14:15:00,14.1
2025-11-13 14:30:00,12.7
2025-11-13 14:45:00,10.9
2025-11-13 15:00:00,12.4
2025-11-13 15:15:00,16.5
2025-11-13 15:30:00,14.5
2025-11-13 15:45:00,16.2
2025-11-13 16:00:00,11.0
2025-11-13 16:15:00,9.05
2025-11-13 16:30:00,7.18
2025-11-13 16:45:00,3.66
2025-11-13 17:00:00,1.68
2025-11-13 17:15:00,1.27
2025-11-13 17:30:00,1.17
2025-11-13 17:45:00,1.31
2025-11-13 18:00:00,1.83
2025-11-13 18:15:00,1.79
2025-11-13 18:30:00,1.78
2025-11-13 18:45:00,1.10
2025-11-13 19:00:00,0.914
2025-11-13 19:15:00,0.948
2025-11-13 19:30:00,0.811
2025-11-13 19:45:00,0.923
2025-11-13 20:00:00,0.867
2025-11-13 20:15:00,0.971
2025-11-13 20:30:00,0.949
2025-11-13 20:45:00,0.977
2025-11-13 21:00:00,0.898
2025-11-13 21:15:00,0.860
2025-11-13 21:30:00,0.911
2025-11-13 21:45:00,0.862
2025-11-13 22:00:00,0.893
2025-11-13 22:15:00,0.873
2025-11-13 22:30:00,1.01
2025-11-13 22:45:00,0.912
2025-11-13 23:00:00,0.940
2025-11-13 23:15:00,0.849
2025-11-13 23:30:00,0.903
2025-11-13 23:45:00,0.791
2025-11-14 00:00:00,0.888
2025-11-14 00:15:00,0.824
2025-11-14 00:30:00,1.35
2025-11-14 00:45:00,1.25
2025-11-14 01:00:00,0.941
2025-11-14 01:15:00,1.26
2025-11-14 01:30:00,1.20
2025-11-14 01:45:00,0.807
2025-11-14 02:00:00,1.55
2025-11-14 02:15:00,1.38
2025-11-14 02:30:00,1.04
2025-11-14 02:45:00,1.37
2025-11-14 03:00:00,1.30
2025-11-14 03:15:00,1.38
2025-11-14 03:30:00,1.51
2025-11-14 03:45:00,1.67
2025-11-14 04:00:00,1.27
2025-11-14 04:15:00,1.40
2025-11-14 04:30:00,1.39
2025-11-14 04:45:00,1.73
2025-11-14 05:00:00,1.51
2025-11-14 05:15:00,1.24
2025-11-14 05:30:00,1.21
2025-11-14 05:45:00,1.39
2025-11-14 06:00:00,1.49
2025-11-14 06:15:00,1.03
2025-11-14 06:30:00,1.12
2025-11-14 06:45:00,1.16
2025-11-14 07:00:00,2.94
2025-11-14 07:15:00,6.11
2025-11-14 07:30:00,6.01
2025-11-14 07:45:00,6.30
2025-11-14 08:00:00,9.82
2025-11-14 08:15:00,10.2
2025-11-14 08:30:00,10.6
2025-11-14 08:45:00,10.7
2025-11-14 09:00:00,9.76
2025-11-14 09:15:00,9.46
2025-11-14 09:30:00,10.3
2025-11-14 09:45:00,11.2
2025-11-14 10:00:00,9.77
2025-11-14 10:15:00,10.3
2025-11-14 10:30:00,11.9
2025-11-14 10:45:00,12.1
2025-11-14 11:00:00,12.5
2025-11-14 11:15:00,9.83
2025-11-14 11:30:00,9.59
2025-11-14 11:45:00,9.15
2025-11-14 12:00:00,10.2
2025-11-14 12:15:00,7.66
2025-11-14 12:30:00,6.54
2025-11-14 12:45:00,6.27
2025-11-14 13:00:00,6.87
2025-11-14 13:15:00,8.57
2025-11-14 13:30:00,8.08
2025-11-14 13:45:00,9.66
2025-11-14 14:00:00,10.0
2025-11-14 14:15:00,11.5
2025-11-14 14:30:00,11.8
2025-11-14 14:45:00,10.9
2025-11-14 15:00:00,9.86
2025-11-14 15:15:00,11.6
2025-11-14 15:30:00,10.9
2025-11-14 15:45:00,13.9
2025-11-14 16:00:00,12.2
2025-11-14 16:15:00,9.72
2025-11-14 16:30:00,6.88
2025-11-14 16:45:00,5.29
2025-11-14 17:00:00,3.35
2025-11-14 17:15:00,2.20
2025-11-14 17:30:00,1.26
2025-11-14 17:45:00,1.99
2025-11-14 18:00:00,1.90
2025-11-14 18:15:00,1.86
2025-11-14 18:30:00,0.726
2025-11-14 18:45:00,0.568
2025-11-14 19:00:00,0.787
2025-11-14 19:15:00,0.762
2025-11-14 19:30:00,0.736
2025-11-14 19:45:00,0.752
2025-11-14 20:00:00,0.630
2025-11-14 20:15:00,0.724
2025-11-14 20:30:00,0.668
2025-11-14 20:45:00,0.720
2025-11-14 21:00:00,0.829
2025-11-14 21:15:00,0.780
2025-11-14 21:30:00,0.800
2025-11-14 21:45:00,0.656
2025-11-14 22:00:00,0.705
2025-11-14 22:15:00,0.691
2025-11-14 22:30:00,0.668
2025-11-14 22:45:00,0.750
2025-11-14 23:00:00,0.773
2025-11-14 23:15:00,0.845
2025-11-14 23:30:00,0.737
2025-11-14 23:45:00,0.713
2025-11-15 00:00:00,0.671
2025-11-15 00:15:00,0.693
2025-11-15 00:30:00,0.726
2025-11-15 00:45:00,0.698
2025-11-15 01:00:00,0.743
2025-11-15 01:15:00,0.779
2025-11-15 01:30:00,0.785
2025-11-15 01:45:00,0.710
2025-11-15 02:00:00,0.755
2025-11-15 02:15:00,0.773
2025-11-15 02:30:00,0.770
2025-11-15 02:45:00,0.729
2025-11-15 03:00:00,0.753
2025-11-15 03:15:00,0.845
2025-11-15 03:30:00,0.951
2025-11-15 03:45:00,0.884
2025-11-15 04:00:00,0.855
2025-11-15 04:15:00,0.789
2025-11-15 04:30:00,0.746
2025-11-15 04:45:00,0.741
2025-11-15 05:00:00,0.639
2025-11-15 05:15:00,0.698
2025-11-15 05:30:00,0.739
2025-11-15 05:45:00,0.781
2025-11-15 06:00:00,0.596
2025-11-15 06:15:00,0.618
2025-11-15 06:30:00,0.482
2025-11-15 06:45:00,0.548
2025-11-15 07:00:00,0.460
2025-11-15 07:15:00,0.565
2025-11-15 07:30:00,0.575
2025-11-15 07:45:00,0.691
2025-11-15 08:00:00,0.517
2025-11-15 08:15:00,0.548
2025-11-15 08:30:00,0.460
2025-11-15 08:45:00,0.539
2025-11-15 09:00:00,0.462
2025-11-15 09:15:00,0.545
2025-11-15 09:30:00,0.579
2025-11-15 09:45:00,0.646
2025-11-15 10:00:00,0.561
2025-11-15 10:15:00,0.548
2025-11-15 10:30:00,0.469
2025-11-15 10:45:00,0.587
2025-11-15 11:00:00,0.563
2025-11-15 11:15:00,0.614
2025-11-15 11:30:00,0.577
2025-11-15 11:45:00,0.698
2025-11-15 12:00:00,0.641
2025-11-15 12:15:00,0.643
2025-11-15 12:30:00,0.565
2025-11-15 12:45:00,0.616
2025-11-15 13:00:00,0.551
2025-11-15 13:15:00,0.538
2025-11-15 13:30:00,0.492
2025-11-15 13:45:00,0.620
2025-11-15 14:00:00,0.611
2025-11-15 14:15:00,0.616
2025-11-15 14:30:00,0.505
2025-11-15 14:45:00,0.495
2025-11-15 15:00:00,0.517
2025-11-15 15:15:00,0.495
2025-11-15 15:30:00,0.546
2025-11-15 15:45:00,0.630
2025-11-15 16:00:00,0.622
2025-11-15 16:15:00,0.561
2025-11-15 16:30:00,0.541
2025-11-15 16:45:00,0.468
2025-11-15 17:00:00,0.567
2025-11-15 17:15:00,0.499
2025-11-15 17:30:00,0.545
2025-11-15 17:45:00,0.577
2025-11-15 18:00:00,0.648
2025-11-15 18:15:00,0.573
2025-11-15 18:30:00,0.576
2025-11-15 18:45:00,0.538
2025-11-15 19:00:00,0.708
2025-11-15 19:15:00,0.691
2025-11-15 19:30:00,0.784
2025-11-15 19:45:00,0.786
2025-11-15 20:00:00,0.901
2025-11-15 20:15:00,0.845
2025-11-15 20:30:00,0.822
2025-11-15 20:45:00,0.705
2025-11-15 21:00:00,0.797
2025-11-15 21:15:00,0.705
2025-11-15 21:30:00,0.800
2025-11-15 21:45:00,0.825
2025-11-15 22:00:00,0.896
2025-11-15 22:15:00,0.792
2025-11-15 22:30:00,0.779
2025-11-15 22:45:00,0.644
2025-11-15 23:00:00,0.737
2025-11-15 23:15:00,0.687
2025-11-15 23:30:00,0.721
2025-11-15 23:45:00,0.654
2025-11-16 00:00:00,0.834
2025-11-16 00:15:00,0.745
2025-11-16 00:30:00,0.819
2025-11-16 00:45:00,0.690
2025-11-16 01:00:00,0.791
2025-11-16 01:15:00,0.745
2025-11-16 01:30:00,0.756
2025-11-16 01:45:00,0.749
2025-11-16 02:00:00,0.813
2025-11-16 02:15:00,0.888
2025-11-16 02:30:00,0.741
2025-11-16 02:45:00,0.669
2025-11-16 03:00:00,0.731
2025-11-16 03:15:00,0.636
2025-11-16 03:30:00,0.735
2025-11-16 03:45:00,0.687
2025-11-16 04:00:00,0.752
2025-11-16 04:15:00,0.766
2025-11-16 04:30:00,0.811
2025-11-16 04:45:00,0.730
2025-11-16 05:00:00,0.760
2025-11-16 05:15:00,0.765
2025-11-16 05:30:00,0.698
2025-11-16 05:45:00,0.654
2025-11-16 06:00:00,0.614
2025-11-16 06:15:00,0.692
2025-11-16 06:30:00,0.673
2025-11-16 06:45:00,0.731
2025-11-16 07:00:00,0.572
2025-11-16 07:15:00,0.594
2025-11-16 07:30:00,0.565
2025-11-16 07:45:00,0.604
2025-11-16 08:00:00,0.501
2025-11-16 08:15:00,0.651
2025-11-16 08:30:00,0.584
2025-11-16 08:45:00,0.645
2025-11-16 09:00:00,0.528
2025-11-16 09:15:00,0.558
2025-11-16 09:30:00,0.470
2025-11-16 09:45:00,0.600
2025-11-16 10:00:00,0.460
2025-11-16 10:15:00,0.564
2025-11-16 10:30:00,0.566
2025-11-16 10:45:00,0.651
2025-11-16 11:00:00,0.587
2025-11-16 11:15:00,0.565
2025-11-16 11:30:00,0.479
2025-11-16 11:45:00,0.554
2025-11-16 12:00:00,0.490
2025-11-16 12:15:00,0.525
2025-11-16 12:30:00,0.661
2025-11-16 12:45:00,0.624
2025-11-16 13:00:00,0.601
2025-11-16 13:15:00,0.530
2025-11-16 13:30:00,0.589
2025-11-16 13:45:00,0.510
2025-11-16 14:00:00,0.568
2025-11-16 14:15:00,0.590
2025-11-16 14:30:00,0.780
2025-11-16 14:45:00,0.788
2025-11-16 15:00:00,0.868
2025-11-16 15:15:00,0.738
2025-11-16 15:30:00,0.819
2025-11-16 15:45:00,0.699
2025-11-16 16:00:00,0.753
2025-11-16 16:15:00,0.608
2025-11-16 16:30:00,0.619
2025-11-16 16:45:00,0.619
2025-11-16 17:00:00,0.704
2025-11-16 17:15:00,0.540
2025-11-16 17:30:00,0.515
2025-11-16 17:45:00,0.460
2025-11-16 18:00:00,0.592
2025-11-16 18:15:00,0.530
2025-11-16 18:30:00,0.650
2025-11-16 18:45:00,0.690
2025-11-16 19:00:00,0.830
2025-11-16 19:15:00,0.720
2025-11-16 19:30:00,0.721
2025-11-16 19:45:00,0.636
2025-11-16 20:00:00,0.740
2025-11-16 20:15:00,0.657
2025-11-16 20:30:00,0.740
2025-11-16 20:45:00,0.688
2025-11-16 21:00:00,0.848
2025-11-16 21:15:00,0.756
2025-11-16 21:30:00,0.771
2025-11-16 21:45:00,0.663
2025-11-16 22:00:00,0.736
2025-11-16 22:15:00,0.670
2025-11-16 22:30:00,0.699
2025-11-16 22:45:00,0.712
2025-11-16 23:00:00,0.880
2025-11-16 23:15:00,0.834
2025-11-16 23:30:00,0.854
2025-11-16 23:45:00,0.748
2025-11-17 00:00:00,0.742
2025-11-17 00:15:00,0.753
2025-11-17 00:30:00,0.739
2025-11-17 00:45:00,0.756
2025-11-17 01:00:00,0.821
2025-11-17 01:15:00,0.845
2025-11-17 01:30:00,0.745
2025-11-17 01:45:00,0.708
2025-11-17 02:00:00,0.655
2025-11-17 02:15:00,0.720
2025-11-17 02:30:00,0.642
2025-11-17 02:45:00,0.752
2025-11-17 03:00:00,0.709
2025-11-17 03:15:00,0.834
2025-11-17 03:30:00,0.762
2025-11-17 03:45:00,0.754
2025-11-17 04:00:00,0.658
2025-11-17 04:15:00,0.718
2025-11-17 04:30:00,0.656
2025-11-17 04:45:00,0.695
2025-11-17 05:00:00,0.683
2025-11-17 05:15:00,0.745
2025-11-17 05:30:00,0.779
2025-11-17 05:45:00,0.712
2025-11-17 06:00:00,0.600
2025-11-17 06:15:00,0.496
2025-11-17 06:30:00,0.566
2025-11-17 06:45:00,0.877
2025-11-17 07:00:00,3.29
2025-11-17 07:15:00,2.76
2025-11-17 07:30:00,3.34
2025-11-17 07:45:00,7.52
2025-11-17 08:00:00,10.4
2025-11-17 08:15:00,9.81
2025-11-17 08:30:00,10.8
2025-11-17 08:45:00,11.5
2025-11-17 09:00:00,12.2
2025-11-17 09:15:00,11.2
2025-11-17 09:30:00,10.4
2025-11-17 09:45:00,9.25
2025-11-17 10:00:00,9.20
2025-11-17 10:15:00,9.85
2025-11-17 10:30:00,10.8
2025-11-17 10:45:00,11.3
2025-11-17 11:00:00,11.5
2025-11-17 11:15:00,9.90
2025-11-17 11:30:00,9.85
2025-11-17 11:45:00,8.73
2025-11-17 12:00:00,6.51
2025-11-17 12:15:00,5.73
2025-11-17 12:30:00,6.05
2025-11-17 12:45:00,5.94
2025-11-17 13:00:00,6.04
2025-11-17 13:15:00,6.84
2025-11-17 13:30:00,6.14
2025-11-17 13:45:00,6.13
2025-11-17 14:00:00,6.94
2025-11-17 14:15:00,6.47
2025-11-17 14:30:00,7.51
2025-11-17 14:45:00,7.85
2025-11-17 15:00:00,7.48
2025-11-17 15:15:00,10.2
2025-11-17 15:30:00,12.6
2025-11-17 15:45:00,9.24
2025-11-17 16:00:00,7.48
2025-11-17 16:15:00,5.10
2025-11-17 16:30:00,2.48
2025-11-17 16:45:00,1.05
2025-11-17 17:00:00,1.13
2025-11-17 17:15:00,0.555
2025-11-17 17:30:00,0.570
2025-11-17 17:45:00,0.578
2025-11-17 18:00:00,0.588
2025-11-17 18:15:00,0.627
2025-11-17 18:30:00,0.486
2025-11-17 18:45:00,0.584
2025-11-17 19:00:00,0.576
2025-11-17 19:15:00,0.682
2025-11-17 19:30:00,0.624
2025-11-17 19:45:00,0.740
2025-11-17 20:00:00,0.763
2025-11-17 20:15:00,0.803
2025-11-17 20:30:00,0.706
2025-11-17 20:45:00,0.693
2025-11-17 21:00:00,0.656
2025-11-17 21:15:00,0.672
2025-11-17 21:30:00,0.688
2025-11-17 21:45:00,0.687
2025-11-17 22:00:00,0.750
2025-11-17 22:15:00,0.752
2025-11-17 22:30:00,0.812
2025-11-17 22:45:00,0.710
2025-11-17 23:00:00,0.773
2025-11-17 23:15:00,0.707
2025-11-17 23:30:00,0.803
2025-11-17 23:45:00,0.718
2025-11-18 00:00:00,0.757
2025-11-18 00:15:00,0.813
2025-11-18 00:30:00,0.851
2025-11-18 00:45:00,0.748
2025-11-18 01:00:00,0.667
2025-11-18 01:15:00,0.702
2025-11-18 01:30:00,0.684
2025-11-18 01:45:00,0.709
2025-11-18 02:00:00,0.642
2025-11-18 02:15:00,0.711
2025-11-18 02:30:00,0.746
2025-11-18 02:45:00,0.804
2025-11-18 03:00:00,0.680
2025-11-18 03:15:00,0.708
2025-11-18 03:30:00,0.681
2025-11-18 03:45:00,0.697
2025-11-18 04:00:00,0.646
2025-11-18 04:15:00,0.690
2025-11-18 04:30:00,0.664
2025-11-18 04:45:00,0.792
2025-11-18 05:00:00,0.752
2025-11-18 05:15:00,0.681
2025-11-18 05:30:00,0.580
2025-11-18 05:45:00,0.610
2025-11-18 06:00:00,0.574
2025-11-18 06:15:00,0.552
2025-11-18 06:30:00,0.575
2025-11-18 06:45:00,0.548
2025-11-18 07:00:00,5.45
2025-11-18 07:15:00,4.27
2025-11-18 07:30:00,4.59
2025-11-18 07:45:00,5.05
2025-11-18 08:00:00,5.45
2025-11-18 08:15:00,6.85
2025-11-18 08:30:00,7.54
2025-11-18 08:45:00,8.25
2025-11-18 09:00:00,9.67
2025-11-18 09:15:00,7.81
2025-11-18 09:30:00,7.58
2025-11-18 09:45:00,5.60
2025-11-18 10:00:00,7.15
2025-11-18 10:15:00,8.03
2025-11-18 10:30:00,8.02
2025-11-18 10:45:00,10.4
2025-11-18 11:00:00,7.50
2025-11-18 11:15:00,6.92
2025-11-18 11:30:00,8.53
2025-11-18 11:45:00,8.84
2025-11-18 12:00:00,10.3
2025-11-18 12:15:00,9.06
2025-11-18 12:30:00,7.87
2025-11-18 12:45:00,7.79
2025-11-18 13:00:00,7.35
2025-11-18 13:15:00,9.11
2025-11-18 13:30:00,12.8
2025-11-18 13:45:00,11.2
2025-11-18 14:00:00,8.76
2025-11-18 14:15:00,10.0
2025-11-18 14:30:00,9.65
2025-11-18 14:45:00,9.28
2025-11-18 15:00:00,10.5
2025-11-18 15:15:00,11.2
2025-11-18 15:30:00,11.8
2025-11-18 15:45:00,9.78
2025-11-18 16:00:00,9.68
2025-11-18 16:15:00,7.25
2025-11-18 16:30:00,3.85
2025-11-18 16:45:00,3.35
2025-11-18 17:00:00,2.89
2025-11-18 17:15:00,2.77
2025-11-18 17:30:00,2.17
2025-11-18 17:45:00,2.09
2025-11-18 18:00:00,1.41
2025-11-18 18:15:00,1.04
2025-11-18 18:30:00,0.998
2025-11-18 18:45:00,0.931
2025-11-18 19:00:00,1.16
2025-11-18 19:15:00,1.08
2025-11-18 19:30:00,1.20
2025-11-18 19:45:00,1.23
2025-11-18 20:00:00,1.14
2025-11-18 20:15:00,1.16
2025-11-18 20:30:00,1.08
2025-11-18 20:45:00,1.12
2025-11-18 21:00:00,1.15
2025-11-18 21:15:00,1.06
2025-11-18 21:30:00,1.19
2025-11-18 21:45:00,1.18
2025-11-18 22:00:00,1.24
2025-11-18 22:15:00,1.15
2025-11-18 22:30:00,1.16
2025-11-18 22:45:00,1.12
2025-11-18 23:00:00,1.09
2025-11-18 23:15:00,1.14
2025-11-18 23:30:00,1.06
2025-11-18 23:45:00,1.22
2025-11-19 00:00:00,1.16
2025-11-19 00:15:00,1.28
2025-11-19 00:30:00,1.09
2025-11-19 00:45:00,1.16
2025-11-19 01:00:00,1.08
2025-11-19 01:15:00,1.13
2025-11-19 01:30:00,1.09
2025-11-19 01:45:00,1.12
2025-11-19 02:00:00,1.21
2025-11-19 02:15:00,1.23
2025-11-19 02:30:00,1.23
2025-11-19 02:45:00,1.17
2025-11-19 03:00:00,1.17
2025-11-19 03:15:00,1.20
2025-11-19 03:30:00,1.18
2025-11-19 03:45:00,1.20
2025-11-19 04:00:00,1.19
2025-11-19 04:15:00,1.27
2025-11-19 04:30:00,1.22
2025-11-19 04:45:00,1.16
2025-11-19 05:00:00,1.11
2025-11-19 05:15:00,1.06
2025-11-19 05:30:00,1.06
2025-11-19 05:45:00,1.01
2025-11-19 06:00:00,0.998
2025-11-19 06:15:00,0.906
2025-11-19 06:30:00,1.06
2025-11-19 06:45:00,0.953
2025-11-19 07:00:00,1.59
2025-11-19 07:15:00,4.40
2025-11-19 07:30:00,5.75
2025-11-19 07:45:00,6.26
2025-11-19 08:00:00,8.86
2025-11-19 08:15:00,10.5
2025-11-19 08:30:00,8.67
2025-11-19 08:45:00,9.45
2025-11-19 09:00:00,8.36
2025-11-19 09:15:00,7.86
2025-11-19 09:30:00,6.97
2025-11-19 09:45:00,9.27
2025-11-19 10:00:00,10.4
2025-11-19 10:15:00,11.1
2025-11-19 10:30:00,12.0
2025-11-19 10:45:00,9.27
2025-11-19 11:00:00,11.5
2025-11-19 11:15:00,12.8
2025-11-19 11:30:00,10.4
2025-11-19 11:45:00,10.3
2025-11-19 12:00:00,8.73
2025-11-19 12:15:00,8.35
2025-11-19 12:30:00,8.88
2025-11-19 12:45:00,8.48
2025-11-19 13:00:00,11.3
2025-11-19 13:15:00,9.85
2025-11-19 13:30:00,8.95
2025-11-19 13:45:00,9.25
2025-11-19 14:00:00,10.2
2025-11-19 14:15:00,8.85
2025-11-19 14:30:00,8.34
2025-11-19 14:45:00,8.49
2025-11-19 15:00:00,11.5
2025-11-19 15:15:00,11.7
2025-11-19 15:30:00,16.6
2025-11-19 15:45:00,13.9
2025-11-19 16:00:00,9.36
2025-11-19 16:15:00,6.76
2025-11-19 16:30:00,4.22
2025-11-19 16:45:00,3.78
2025-11-19 17:00:00,3.06
2025-11-19 17:15:00,2.53
2025-11-19 17:30:00,1.45
2025-11-19 17:45:00,1.14
2025-11-19 18:00:00,1.35
2025-11-19 18:15:00,1.08
2025-11-19 18:30:00,1.15
2025-11-19 18:45:00,1.28
2025-11-19 19:00:00,1.26
2025-11-19 19:15:00,1.36
2025-11-19 19:30:00,1.22
2025-11-19 19:45:00,1.27
2025-11-19 20:00:00,1.29
2025-11-19 20:15:00,1.20
2025-11-19 20:30:00,1.30
2025-11-19 20:45:00,1.31
2025-11-19 21:00:00,1.36
2025-11-19 21:15:00,1.34
2025-11-19 21:30:00,1.28
2025-11-19 21:45:00,1.31
2025-11-19 22:00:00,1.21
2025-11-19 22:15:00,1.29
2025-11-19 22:30:00,1.20
2025-11-19 22:45:00,1.31
2025-11-19 23:00:00,1.28
2025-11-19 23:15:00,1.41
2025-11-19 23:30:00,1.30
2025-11-19 23:45:00,1.34
2025-11-20 00:00:00,1.26
2025-11-20 00:15:00,1.30
2025-11-20 00:30:00,1.22
2025-11-20 00:45:00,1.29
2025-11-20 01:00:00,1.23
2025-11-20 01:15:00,1.38
2025-11-20 01:30:00,1.33
2025-11-20 01:45:00,1.37
2025-11-20 02:00:00,1.26
2025-11-20 02:15:00,1.38
2025-11-20 02:30:00,1.31
2025-11-20 02:45:00,1.35
2025-11-20 03:00:00,1.30
2025-11-20 03:15:00,1.35
2025-11-20 03:30:00,1.40
2025-11-20 03:45:00,1.46
2025-11-20 04:00:00,1.38
2025-11-20 04:15:00,1.29
2025-11-20 04:30:00,1.24
2025-11-20 04:45:00,1.29
2025-11-20 05:00:00,1.25
2025-11-20 05:15:00,1.25
2025-11-20 05:30:00,1.16
2025-11-20 05:45:00,1.21
2025-11-20 06:00:00,1.23
2025-11-20 06:15:00,1.21
2025-11-20 06:30:00,1.08
2025-11-20 06:45:00,1.06
2025-11-20 07:00:00,1.07
2025-11-20 07:15:00,1.06
2025-11-20 07:30:00,1.11
2025-11-20 07:45:00,1.05
2025-11-20 08:00:00,1.10
2025-11-20 08:15:00,1.15
2025-11-20 08:30:00,1.18
2025-11-20 08:45:00,1.10
2025-11-20 09:00:00,1.09
2025-11-20 09:15:00,1.02
2025-11-20 09:30:00,1.10
2025-11-20 09:45:00,1.02
2025-11-20 10:00:00,1.13
2025-11-20 10:15:00,1.09
2025-11-20 10:30:00,1.20
2025-11-20 10:45:00,1.15
2025-11-20 11:00:00,1.21
2025-11-20 11:15:00,1.09
2025-11-20 11:30:00,1.14
2025-11-20 11:45:00,1.10
2025-11-20 12:00:00,1.17
2025-11-20 12:15:00,1.11
2025-11-20 12:30:00,1.22
2025-11-20 12:45:00,1.23
2025-11-20 13:00:00,1.23
2025-11-20 13:15:00,1.10
2025-11-20 13:30:00,1.02
2025-11-20 13:45:00,1.14
2025-11-20 14:00:00,1.21
2025-11-20 14:15:00,1.13
2025-11-20 14:30:00,1.19
2025-11-20 14:45:00,1.27
2025-11-20 15:00:00,1.20
2025-11-20 15:15:00,1.14
2025-11-20 15:30:00,1.01
2025-11-20 15:45:00,1.05
2025-11-20 16:00:00,1.06
2025-11-20 16:15:00,1.06
2025-11-20 16:30:00,1.07
2025-11-20 16:45:00,1.24
2025-11-20 17:00:00,1.10
2025-11-20 17:15:00,1.14
2025-11-20 17:30:00,1.10
2025-11-20 17:45:00,1.02
2025-11-20 18:00:00,1.12
2025-11-20 18:15:00,1.05
2025-11-20 18:30:00,1.09
2025-11-20 18:45:00,1.16
2025-11-20 19:00:00,1.25
2025-11-20 19:15:00,1.39
2025-11-20 19:30:00,1.20
2025-11-20 19:45:00,1.33
2025-11-20 20:00:00,1.30
2025-11-20 20:15:00,1.36
2025-11-20 20:30:00,1.31
2025-11-20 20:45:00,1.36
2025-11-20 21:00:00,1.48
2025-11-20 21:15:00,1.37
2025-11-20 21:30:00,1.40
2025-11-20 21:45:00,1.27
2025-11-20 22:00:00,1.38
2025-11-20 22:15:00,1.32
2025-11-20 22:30:00,1.29
2025-11-20 22:45:00,1.35
2025-11-20 23:00:00,1.34
2025-11-20 23:15:00,1.43
2025-11-20 23:30:00,1.28
2025-11-20 23:45:00,1.27
2025-11-21 00:00:00,1.25
2025-11-21 00:15:00,1.26
2025-11-21 00:30:00,1.26
2025-11-21 00:45:00,1.20
2025-11-21 01:00:00,1.36
2025-11-21 01:15:00,1.33
2025-11-21 01:30:00,1.38
2025-11-21 01:45:00,1.28
2025-11-21 02:00:00,1.26
2025-11-21 02:15:00,1.29
2025-11-21 02:30:00,1.23
2025-11-21 02:45:00,1.28
2025-11-21 03:00:00,1.20
2025-11-21 03:15:00,1.40
2025-11-21 03:30:00,1.32
2025-11-21 03:45:00,1.38
2025-11-21 04:00:00,1.25
2025-11-21 04:15:00,1.26
2025-11-21 04:30:00,1.29
2025-11-21 04:45:00,1.23
2025-11-21 05:00:00,1.27
2025-11-21 05:15:00,1.19
2025-11-21 05:30:00,1.39
2025-11-21 05:45:00,1.20
2025-11-21 06:00:00,1.31
2025-11-21 06:15:00,1.11
2025-11-21 06:30:00,1.18
2025-11-21 06:45:00,1.16
2025-11-21 07:00:00,1.11
2025-11-21 07:15:00,1.15
2025-11-21 07:30:00,1.14
2025-11-21 07:45:00,1.33
2025-11-21 08:00:00,1.61
2025-11-21 08:15:00,2.22
2025-11-21 08:30:00,2.11
2025-11-21 08:45:00,1.28
2025-11-21 09:00:00,1.18
2025-11-21 09:15:00,1.14
2025-11-21 09:30:00,1.22
2025-11-21 09:45:00,1.26
2025-11-21 10:00:00,1.34
2025-11-21 10:15:00,1.22
2025-11-21 10:30:00,1.20
2025-11-21 10:45:00,1.18
2025-11-21 11:00:00,1.19
2025-11-21 11:15:00,1.19
2025-11-21 11:30:00,1.13
2025-11-21 11:45:00,1.33
2025-11-21 12:00:00,1.24
2025-11-21 12:15:00,1.32
2025-11-21 12:30:00,1.16
2025-11-21 12:45:00,1.24
2025-11-21 13:00:00,1.16
2025-11-21 13:15:00,1.15
2025-11-21 13:30:00,1.23
2025-11-21 13:45:00,1.20
2025-11-21 14:00:00,1.33
2025-11-21 14:15:00,1.21
2025-11-21 14:30:00,1.31
2025-11-21 14:45:00,1.16
2025-11-21 15:00:00,1.20
2025-11-21 15:15:00,1.28
2025-11-21 15:30:00,1.23
2025-11-21 15:45:00,1.30
2025-11-21 16:00:00,1.30
2025-11-21 16:15:00,1.42
2025-11-21 16:30:00,1.30
2025-11-21 16:45:00,1.24
2025-11-21 17:00:00,1.27
2025-11-21 17:15:00,1.24
2025-11-21 17:30:00,1.28
2025-11-21 17:45:00,1.19
2025-11-21 18:00:00,1.46
2025-11-21 18:15:00,1.28
2025-11-21 18:30:00,1.30
2025-11-21 18:45:00,1.23
2025-11-21 19:00:00,1.38
2025-11-21 19:15:00,1.35
2025-11-21 19:30:00,1.31
2025-11-21 19:45:00,1.41
2025-11-21 20:00:00,1.37
2025-11-21 20:15:00,1.51
2025-11-21 20:30:00,1.42
2025-11-21 20:45:00,1.45
2025-11-21 21:00:00,1.38
2025-11-21 21:15:00,1.36
2025-11-21 21:30:00,1.38
2025-11-21 21:45:00,1.34
2025-11-21 22:00:00,1.44
2025-11-21 22:15:00,1.43
2025-11-21 22:30:00,1.52
2025-11-21 22:45:00,1.39
2025-11-21 23:00:00,1.46
2025-11-21 23:15:00,1.33
2025-11-21 23:30:00,1.38
2025-11-21 23:45:00,1.35
2025-11-22 00:00:00,1.39
2025-11-22 00:15:00,1.48
2025-11-22 00:30:00,1.46
2025-11-22 00:45:00,1.52
2025-11-22 01:00:00,1.40
2025-11-22 01:15:00,1.51
2025-11-22 01:30:00,1.38
2025-11-22 01:45:00,1.47
2025-11-22 02:00:00,1.39
2025-11-22 02:15:00,1.56
2025-11-22 02:30:00,1.52
2025-11-22 02:45:00,1.53
2025-11-22 03:00:00,1.46
2025-11-22 03:15:00,1.38
2025-11-22 03:30:00,1.42
2025-11-22 03:45:00,1.34
2025-11-22 04:00:00,1.38
2025-11-22 04:15:00,1.33
2025-11-22 04:30:00,1.53
2025-11-22 04:45:00,1.46
2025-11-22 05:00:00,1.49
2025-11-22 05:15:00,1.30
2025-11-22 05:30:00,1.39
2025-11-22 05:45:00,1.29
2025-11-22 06:00:00,1.43
2025-11-22 06:15:00,1.26
2025-11-22 06:30:00,1.30
2025-11-22 06:45:00,1.26
2025-11-22 07:00:00,1.32
2025-11-22 07:15:00,1.27
2025-11-22 07:30:00,1.20
2025-11-22 07:45:00,1.17
2025-11-22 08:00:00,1.18
2025-11-22 08:15:00,1.19
2025-11-22 08:30:00,1.21
2025-11-22 08:45:00,1.24
2025-11-22 09:00:00,1.26
2025-11-22 09:15:00,1.30
2025-11-22 09:30:00,1.23
2025-11-22 09:45:00,1.31
2025-11-22 10:00:00,1.19
2025-11-22 10:15:00,1.30
2025-11-22 10:30:00,1.19
2025-11-22 10:45:00,1.32
2025-11-22 11:00:00,1.31
2025-11-22 11:15:00,1.37
2025-11-22 11:30:00,1.30
2025-11-22 11:45:00,1.26
2025-11-22 12:00:00,1.27
2025-11-22 12:15:00,1.20
2025-11-22 12:30:00,1.17
2025-11-22 12:45:00,1.17
2025-11-22 13:00:00,1.28
2025-11-22 13:15:00,1.28
2025-11-22 13:30:00,1.30
2025-11-22 13:45:00,1.16
2025-11-22 14:00:00,1.23
2025-11-22 14:15:00,1.16
2025-11-22 14:30:00,1.22
2025-11-22 14:45:00,1.13
2025-11-22 15:00:00,1.22
2025-11-22 15:15:00,1.31
2025-11-22 15:30:00,1.28
2025-11-22 15:45:00,1.24
2025-11-22 16:00:00,1.17
2025-11-22 16:15:00,1.23
2025-11-22 16:30:00,1.15
2025-11-22 16:45:00,1.20
2025-11-22 17:00:00,1.13
2025-11-22 17:15:00,1.32
2025-11-22 17:30:00,1.24
2025-11-22 17:45:00,1.32
2025-11-22 18:00:00,1.16
2025-11-22 18:15:00,1.22
2025-11-22 18:30:00,1.19
2025-11-22 18:45:00,1.20
2025-11-22 19:00:00,1.33
2025-11-22 19:15:00,1.41
2025-11-22 19:30:00,1.57
2025-11-22 19:45:00,1.50
2025-11-22 20:00:00,1.52
2025-11-22 20:15:00,1.41
2025-11-22 20:30:00,1.54
2025-11-22 20:45:00,1.55
2025-11-22 21:00:00,1.51
2025-11-22 21:15:00,1.50
2025-11-22 21:30:00,1.48
2025-11-22 21:45:00,1.54
2025-11-22 22:00:00,1.44
2025-11-22 22:15:00,1.33
2025-11-22 22:30:00,1.36
2025-11-22 22:45:00,1.35
2025-11-22 23:00:00,1.36
2025-11-22 23:15:00,1.40
2025-11-22 23:30:00,1.32
2025-11-22 23:45:00,1.52
2025-11-23 00:00:00,1.41
2025-11-23 00:15:00,1.47
2025-11-23 00:30:00,1.35
2025-11-23 00:45:00,1.38
2025-11-23 01:00:00,1.34
2025-11-23 01:15:00,1.37
2025-11-23 01:30:00,1.36
2025-11-23 01:45:00,1.48
2025-11-23 02:00:00,1.47
2025-11-23 02:15:00,1.45
2025-11-23 02:30:00,1.38
2025-11-23 02:45:00,1.35
2025-11-23 03:00:00,1.40
2025-11-23 03:15:00,1.35
2025-11-23 03:30:00,1.39
2025-11-23 03:45:00,1.32
2025-11-23 04:00:00,1.50
2025-11-23 04:15:00,1.47
2025-11-23 04:30:00,1.61
2025-11-23 04:45:00,1.39
2025-11-23 05:00:00,1.46
2025-11-23 05:15:00,1.36
2025-11-23 05:30:00,1.44
2025-11-23 05:45:00,1.34
2025-11-23 06:00:00,1.41
2025-11-23 06:15:00,1.24
2025-11-23 06:30:00,1.33
2025-11-23 06:45:00,1.22
2025-11-23 07:00:00,1.22
2025-11-23 07:15:00,1.14
2025-11-23 07:30:00,1.26
2025-11-23 07:45:00,1.14
2025-11-23 08:00:00,1.20
2025-11-23 08:15:00,1.15
2025-11-23 08:30:00,1.29
2025-11-23 08:45:00,1.32
2025-11-23 09:00:00,1.28
2025-11-23 09:15:00,1.17
2025-11-23 09:30:00,1.17
2025-11-23 09:45:00,1.17
2025-11-23 10:00:00,1.19
2025-11-23 10:15:00,1.21
2025-11-23 10:30:00,1.17
2025-11-23 10:45:00,1.30
2025-11-23 11:00:00,1.24
2025-11-23 11:15:00,1.27
2025-11-23 11:30:00,1.15
2025-11-23 11:45:00,1.21
2025-11-23 12:00:00,1.12
2025-11-23 12:15:00,1.21
2025-11-23 12:30:00,1.21
2025-11-23 12:45:00,1.37
2025-11-23 13:00:00,1.29
2025-11-23 13:15:00,1.37
2025-11-23 13:30:00,1.21
2025-11-23 13:45:00,1.31
2025-11-23 14:00:00,1.21
2025-11-23 14:15:00,1.25
2025-11-23 14:30:00,1.22
2025-11-23 14:45:00,1.28
2025-11-23 15:00:00,1.31
2025-11-23 15:15:00,1.26
2025-11-23 15:30:00,1.23
2025-11-23 15:45:00,1.16
2025-11-23 16:00:00,1.22
2025-11-23 16:15:00,1.16
2025-11-23 16:30:00,1.20
2025-11-23 16:45:00,1.14
2025-11-23 17:00:00,1.30
2025-11-23 17:15:00,1.31
2025-11-23 17:30:00,1.30
2025-11-23 17:45:00,1.13
2025-11-23 18:00:00,1.22
2025-11-23 18:15:00,1.16
2025-11-23 18:30:00,1.34
2025-11-23 18:45:00,1.24
2025-11-23 19:00:00,1.42
2025-11-23 19:15:00,1.39
2025-11-23 19:30:00,1.48
2025-11-23 19:45:00,1.40
2025-11-23 20:00:00,1.39
2025-11-23 20:15:00,1.32
2025-11-23 20:30:00,1.39
2025-11-23 20:45:00,1.32
2025-11-23 21:00:00,1.42
2025-11-23 21:15:00,1.41
2025-11-23 21:30:00,1.50
2025-11-23 21:45:00,1.43
2025-11-23 22:00:00,1.48
2025-11-23 22:15:00,1.40
2025-11-23 22:30:00,1.52
2025-11-23 22:45:00,1.39
2025-11-23 23:00:00,1.46
2025-11-23 23:15:00,1.40
2025-11-23 23:30:00,1.53
2025-11-23 23:45:00,1.51
2025-11-24 00:00:00,1.52
2025-11-24 00:15:00,1.34
2025-11-24 00:30:00,1.39
2025-11-24 00:45:00,1.32
2025-11-24 01:00:00,1.40
2025-11-24 01:15:00,1.35
2025-11-24 01:30:00,1.43
2025-11-24 01:45:00,1.41
2025-11-24 02:00:00,1.50
2025-11-24 02:15:00,1.42
2025-11-24 02:30:00,1.40
2025-11-24 02:45:00,1.34
2025-11-24 03:00:00,1.45
2025-11-24 03:15:00,1.33
2025-11-24 03:30:00,1.41
2025-11-24 03:45:00,1.33
2025-11-24 04:00:00,1.48
2025-11-24 04:15:00,1.43
2025-11-24 04:30:00,1.52
2025-11-24 04:45:00,1.33
2025-11-24 05:00:00,1.38
2025-11-24 05:15:00,1.30
2025-11-24 05:30:00,1.31
2025-11-24 05:45:00,1.22
2025-11-24 06:00:00,1.33
2025-11-24 06:15:00,1.31
2025-11-24 06:30:00,1.32
2025-11-24 06:45:00,5.07
2025-11-24 07:00:00,5.75
2025-11-24 07:15:00,6.92
2025-11-24 07:30:00,6.87
2025-11-24 07:45:00,6.84
2025-11-24 08:00:00,7.44
2025-11-24 08:15:00,6.58
2025-11-24 08:30:00,10.8
2025-11-24 08:45:00,8.23
2025-11-24 09:00:00,8.32
2025-11-24 09:15:00,9.54
2025-11-24 09:30:00,8.18
2025-11-24 09:45:00,8.63
2025-11-24 10:00:00,7.77
2025-11-24 10:15:00,8.32
2025-11-24 10:30:00,10.7
2025-11-24 10:45:00,12.3
2025-11-24 11:00:00,9.07
2025-11-24 11:15:00,7.73
2025-11-24 11:30:00,10.6
2025-11-24 11:45:00,8.34
2025-11-24 12:00:00,10.8
2025-11-24 12:15:00,9.98
2025-11-24 12:30:00,10.1
2025-11-24 12:45:00,11.6
2025-11-24 13:00:00,12.7
2025-11-24 13:15:00,10.3
2025-11-24 13:30:00,12.2
2025-11-24 13:45:00,11.8
2025-11-24 14:00:00,12.5
2025-11-24 14:15:00,11.1
2025-11-24 14:30:00,11.7
2025-11-24 14:45:00,12.9
2025-11-24 15:00:00,15.4
2025-11-24 15:15:00,17.4
2025-11-24 15:30:00,16.5
2025-11-24 15:45:00,14.6
2025-11-24 16:00:00,11.8
2025-11-24 16:15:00,13.1
2025-11-24 16:30:00,12.0
2025-11-24 16:45:00,8.04
2025-11-24 17:00:00,6.40
2025-11-24 17:15:00,5.45
2025-11-24 17:30:00,4.19
2025-11-24 17:45:00,1.14
2025-11-24 18:00:00,0.982
2025-11-24 18:15:00,1.06
2025-11-24 18:30:00,1.08
2025-11-24 18:45:00,0.686
2025-11-24 19:00:00,0.769
2025-11-24 19:15:00,0.802
2025-11-24 19:30:00,0.703
2025-11-24 19:45:00,0.772
2025-11-24 20:00:00,0.688
2025-11-24 20:15:00,0.836
2025-11-24 20:30:00,0.698
2025-11-24 20:45:00,0.804
2025-11-24 21:00:00,0.841
2025-11-24 21:15:00,0.817
2025-11-24 21:30:00,0.818
2025-11-24 21:45:00,0.697
2025-11-24 22:00:00,0.831
2025-11-24 22:15:00,0.684
2025-11-24 22:30:00,0.774
2025-11-24 22:45:00,0.699
2025-11-24 23:00:00,0.864
2025-11-24 23:15:00,0.817
2025-11-24 23:30:00,0.821
2025-11-24 23:45:00,0.749
2025-11-25 00:00:00,0.737
2025-11-25 00:15:00,0.718
2025-11-25 00:30:00,0.741
2025-11-25 00:45:00,0.722
2025-11-25 01:00:00,0.829
2025-11-25 01:15:00,0.813
2025-11-25 01:30:00,0.894
2025-11-25 01:45:00,0.699
2025-11-25 02:00:00,0.798
2025-11-25 02:15:00,0.756
2025-11-25 02:30:00,0.834
2025-11-25 02:45:00,0.755
2025-11-25 03:00:00,0.882
2025-11-25 03:15:00,0.879
2025-11-25 03:30:00,0.946
2025-11-25 03:45:00,0.785
2025-11-25 04:00:00,0.852
2025-11-25 04:15:00,0.872
2025-11-25 04:30:00,0.824
2025-11-25 04:45:00,0.802
2025-11-25 05:00:00,0.780
2025-11-25 05:15:00,0.925
2025-11-25 05:30:00,0.793
2025-11-25 05:45:00,0.644
2025-11-25 06:00:00,0.577
2025-11-25 06:15:00,0.610
2025-11-25 06:30:00,0.622
2025-11-25 06:45:00,1.58
2025-11-25 07:00:00,5.42
2025-11-25 07:15:00,7.21
2025-11-25 07:30:00,6.73
2025-11-25 07:45:00,6.94
2025-11-25 08:00:00,10.3
2025-11-25 08:15:00,11.4
2025-11-25 08:30:00,8.71
2025-11-25 08:45:00,7.89
2025-11-25 09:00:00,7.46
2025-11-25 09:15:00,7.41
2025-11-25 09:30:00,7.40
2025-11-25 09:45:00,7.87
2025-11-25 10:00:00,8.74
2025-11-25 10:15:00,10.1
2025-11-25 10:30:00,11.3
2025-11-25 10:45:00,10.3
2025-11-25 11:00:00,8.52
2025-11-25 11:15:00,9.98
2025-11-25 11:30:00,12.5
2025-11-25 11:45:00,14.1
2025-11-25 12:00:00,11.8
2025-11-25 12:15:00,11.7
2025-11-25 12:30:00,13.3
2025-11-25 12:45:00,11.8
2025-11-25 13:00:00,11.8
2025-11-25 13:15:00,14.4
2025-11-25 13:30:00,13.7
2025-11-25 13:45:00,14.6
2025-11-25 14:00:00,13.4
2025-11-25 14:15:00,11.8
2025-11-25 14:30:00,12.1
2025-11-25 14:45:00,12.9
2025-11-25 15:00:00,12.0
2025-11-25 15:15:00,15.1
2025-11-25 15:30:00,16.4
2025-11-25 15:45:00,13.6
2025-11-25 16:00:00,12.9
2025-11-25 16:15:00,11.9
2025-11-25 16:30:00,7.59
2025-11-25 16:45:00,6.12
2025-11-25 17:00:00,8.00
2025-11-25 17:15:00,4.11
2025-11-25 17:30:00,2.45
2025-11-25 17:45:00,1.54
2025-11-25 18:00:00,1.53
2025-11-25 18:15:00,1.54
2025-11-25 18:30:00,1.38
2025-11-25 18:45:00,1.14
2025-11-25 19:00:00,1.08
2025-11-25 19:15:00,1.19
2025-11-25 19:30:00,1.13
2025-11-25 19:45:00,1.16
2025-11-25 20:00:00,1.21
2025-11-25 20:15:00,1.19
2025-11-25 20:30:00,1.17
2025-11-25 20:45:00,1.01
2025-11-25 21:00:00,1.13
2025-11-25 21:15:00,1.10
2025-11-25 21:30:00,1.05
2025-11-25 21:45:00,1.06
2025-11-25 22:00:00,1.19
2025-11-25 22:15:00,1.18
2025-11-25 22:30:00,1.07
2025-11-25 22:45:00,1.13
2025-11-25 23:00:00,1.08
2025-11-25 23:15:00,0.999
2025-11-25 23:30:00,1.08
2025-11-25 23:45:00,1.09
2025-11-26 00:00:00,1.10
2025-11-26 00:15:00,1.37
2025-11-26 00:30:00,1.16
2025-11-26 00:45:00,1.01
2025-11-26 01:00:00,1.12
2025-11-26 01:15:00,0.989
2025-11-26 01:30:00,1.08
2025-11-26 01:45:00,1.06
2025-11-26 02:00:00,1.15
2025-11-26 02:15:00,1.16
2025-11-26 02:30:00,1.20
2025-11-26 02:45:00,1.16
2025-11-26 03:00:00,1.13
2025-11-26 03:15:00,1.07
2025-11-26 03:30:00,1.15
2025-11-26 03:45:00,1.14
2025-11-26 04:00:00,1.15
2025-11-26 04:15:00,1.20
2025-11-26 04:30:00,1.18
2025-11-26 04:45:00,1.10
2025-11-26 05:00:00,1.21
2025-11-26 05:15:00,1.02
2025-11-26 05:30:00,1.03
2025-11-26 05:45:00,0.895
2025-11-26 06:00:00,0.943
2025-11-26 06:15:00,0.989
2025-11-26 06:30:00,0.997
2025-11-26 06:45:00,0.963
2025-11-26 07:00:00,2.26
2025-11-26 07:15:00,5.82
2025-11-26 07:30:00,4.99
2025-11-26 07:45:00,7.65
2025-11-26 08:00:00,11.2
2025-11-26 08:15:00,10.6
2025-11-26 08:30:00,6.99
2025-11-26 08:45:00,9.26
2025-11-26 09:00:00,9.39
2025-11-26 09:15:00,10.1
2025-11-26 09:30:00,9.51
2025-11-26 09:45:00,10.1
2025-11-26 10:00:00,10.9
2025-11-26 10:15:00,11.6
2025-11-26 10:30:00,12.6
2025-11-26 10:45:00,10.5
2025-11-26 11:00:00,8.28
2025-11-26 11:15:00,8.84
2025-11-26 11:30:00,9.38
2025-11-26 11:45:00,11.7
2025-11-26 12:00:00,11.6
2025-11-26 12:15:00,9.49
2025-11-26 12:30:00,9.17
2025-11-26 12:45:00,9.16
2025-11-26 13:00:00,9.40
2025-11-26 13:15:00,10.7
2025-11-26 13:30:00,11.1
2025-11-26 13:45:00,11.7
2025-11-26 14:00:00,11.1
2025-11-26 14:15:00,10.3
2025-11-26 14:30:00,13.2
2025-11-26 14:45:00,14.5
2025-11-26 15:00:00,12.0
2025-11-26 15:15:00,14.1
2025-11-26 15:30:00,17.1
2025-11-26 15:45:00,16.2
2025-11-26 16:00:00,14.0
2025-11-26 16:15:00,10.7
2025-11-26 16:30:00,9.50
2025-11-26 16:45:00,6.65
2025-11-26 17:00:00,3.34
2025-11-26 17:15:00,4.25
2025-11-26 17:30:00,3.26
2025-11-26 17:45:00,3.47
2025-11-26 18:00:00,3.93
2025-11-26 18:15:00,2.20
2025-11-26 18:30:00,2.23
2025-11-26 18:45:00,2.02
2025-11-26 19:00:00,1.89
2025-11-26 19:15:00,1.98
2025-11-26 19:30:00,2.00
2025-11-26 19:45:00,2.00
2025-11-26 20:00:00,1.97
2025-11-26 20:15:00,1.89
2025-11-26 20:30:00,1.69
2025-11-26 20:45:00,1.68
2025-11-26 21:00:00,1.74
2025-11-26 21:15:00,1.84
2025-11-26 21:30:00,1.76
2025-11-26 21:45:00,1.75
2025-11-26 22:00:00,1.54
2025-11-26 22:15:00,1.39
2025-11-26 22:30:00,1.44
2025-11-26 22:45:00,1.41
2025-11-26 23:00:00,1.34
2025-11-26 23:15:00,1.55
2025-11-26 23:30:00,1.52
2025-11-26 23:45:00,1.44
2025-11-27 00:00:00,1.39
2025-11-27 00:15:00,1.24
2025-11-27 00:30:00,1.27
2025-11-27 00:45:00,1.24
2025-11-27 01:00:00,1.36
2025-11-27 01:15:00,1.28
2025-11-27 01:30:00,1.44
2025-11-27 01:45:00,1.29
2025-11-27 02:00:00,1.34
2025-11-27 02:15:00,1.20
2025-11-27 02:30:00,1.29
2025-11-27 02:45:00,1.11
2025-11-27 03:00:00,1.31
2025-11-27 03:15:00,1.14
2025-11-27 03:30:00,1.25
2025-11-27 03:45:00,1.21
2025-11-27 04:00:00,1.36
2025-11-27 04:15:00,1.22
2025-11-27 04:30:00,1.18
2025-11-27 04:45:00,1.09
2025-11-27 05:00:00,1.12
2025-11-27 05:15:00,1.11
2025-11-27 05:30:00,0.990
2025-11-27 05:45:00,1.12
2025-11-27 06:00:00,1.09
2025-11-27 06:15:00,1.04
2025-11-27 06:30:00,0.939
2025-11-27 06:45:00,1.07
2025-11-27 07:00:00,2.46
2025-11-27 07:15:00,6.15
2025-11-27 07:30:00,7.70
2025-11-27 07:45:00,7.44
2025-11-27 08:00:00,8.51
2025-11-27 08:15:00,8.87
2025-11-27 08:30:00,9.18
2025-11-27 08:45:00,6.95
2025-11-27 09:00:00,10.1
2025-11-27 09:15:00,9.68
2025-11-27 09:30:00,9.85
2025-11-27 09:45:00,9.40
2025-11-27 10:00:00,8.93
2025-11-27 10:15:00,9.73
2025-11-27 10:30:00,15.0
2025-11-27 10:45:00,17.1
2025-11-27 11:00:00,10.5
2025-11-27 11:15:00,12.2
2025-11-27 11:30:00,10.5
2025-11-27 11:45:00,9.80
2025-11-27 12:00:00,9.63
2025-11-27 12:15:00,9.92
2025-11-27 12:30:00,10.9
2025-11-27 12:45:00,15.0
2025-11-27 13:00:00,15.7
2025-11-27 13:15:00,15.7
2025-11-27 13:30:00,11.8
2025-11-27 13:45:00,13.3
2025-11-27 14:00:00,15.8
2025-11-27 14:15:00,12.9
2025-11-27 14:30:00,12.3
2025-11-27 14:45:00,12.5
2025-11-27 15:00:00,11.1
2025-11-27 15:15:00,16.5
2025-11-27 15:30:00,14.5
2025-11-27 15:45:00,14.1
2025-11-27 16:00:00,10.1
2025-11-27 16:15:00,12.4
2025-11-27 16:30:00,7.56
2025-11-27 16:45:00,4.84
2025-11-27 17:00:00,2.85
2025-11-27 17:15:00,2.69
2025-11-27 17:30:00,2.40
2025-11-27 17:45:00,2.95
2025-11-27 18:00:00,2.73
2025-11-27 18:15:00,2.70
2025-11-27 18:30:00,0.860
2025-11-27 18:45:00,0.979
2025-11-27 19:00:00,0.974
2025-11-27 19:15:00,0.872
2025-11-27 19:30:00,0.947
2025-11-27 19:45:00,0.998
2025-11-27 20:00:00,0.942
2025-11-27 20:15:00,1.19
2025-11-27 20:30:00,1.14
2025-11-27 20:45:00,0.993
2025-11-27 21:00:00,1.04
2025-11-27 21:15:00,0.912
2025-11-27 21:30:00,0.916
2025-11-27 21:45:00,0.932
2025-11-27 22:00:00,0.933
2025-11-27 22:15:00,1.10
2025-11-27 22:30:00,0.964
2025-11-27 22:45:00,1.07
2025-11-27 23:00:00,0.918
2025-11-27 23:15:00,0.948
2025-11-27 23:30:00,1.06
2025-11-27 23:45:00,0.943
2025-11-28 00:00:00,0.925
2025-11-28 00:15:00,1.07
2025-11-28 00:30:00,1.17
2025-11-28 00:45:00,0.964
2025-11-28 01:00:00,1.01
2025-11-28 01:15:00,0.944
2025-11-28 01:30:00,1.02
2025-11-28 01:45:00,0.961
2025-11-28 02:00:00,1.08
2025-11-28 02:15:00,0.992
2025-11-28 02:30:00,1.13
2025-11-28 02:45:00,1.15
2025-11-28 03:00:00,1.14
2025-11-28 03:15:00,0.931
2025-11-28 03:30:00,0.988
2025-11-28 03:45:00,1.00
2025-11-28 04:00:00,0.988
2025-11-28 04:15:00,0.925
2025-11-28 04:30:00,1.13
2025-11-28 04:45:00,1.14
2025-11-28 05:00:00,0.993
2025-11-28 05:15:00,0.907
2025-11-28 05:30:00,0.838
2025-11-28 05:45:00,0.839
2025-11-28 06:00:00,0.844
2025-11-28 06:15:00,0.958
2025-11-28 06:30:00,0.807
2025-11-28 06:45:00,0.963
2025-11-28 07:00:00,4.36
2025-11-28 07:15:00,7.44
2025-11-28 07:30:00,5.44
2025-11-28 07:45:00,6.92
2025-11-28 08:00:00,12.2
2025-11-28 08:15:00,12.5
2025-11-28 08:30:00,11.6
2025-11-28 08:45:00,11.0
2025-11-28 09:00:00,10.5
2025-11-28 09:15:00,12.3
2025-11-28 09:30:00,12.4
2025-11-28 09:45:00,12.3
2025-11-28 10:00:00,16.2
2025-11-28 10:15:00,13.7
2025-11-28 10:30:00,15.1
2025-11-28 10:45:00,14.7
2025-11-28 11:00:00,10.3
2025-11-28 11:15:00,11.5
2025-11-28 11:30:00,12.8
2025-11-28 11:45:00,11.7
2025-11-28 12:00:00,14.4
2025-11-28 12:15:00,11.2
2025-11-28 12:30:00,15.1
2025-11-28 12:45:00,16.8
2025-11-28 13:00:00,14.6
2025-11-28 13:15:00,14.0
2025-11-28 13:30:00,17.6
2025-11-28 13:45:00,16.9
2025-11-28 14:00:00,14.0
2025-11-28 14:15:00,15.2
2025-11-28 14:30:00,15.2
2025-11-28 14:45:00,16.2
2025-11-28 15:00:00,16.9
2025-11-28 15:15:00,18.1
2025-11-28 15:30:00,16.0
2025-11-28 15:45:00,13.4
2025-11-28 16:00:00,12.3
2025-11-28 16:15:00,14.4
2025-11-28 16:30:00,13.7
2025-11-28 16:45:00,10.2
2025-11-28 17:00:00,4.71
2025-11-28 17:15:00,3.20
2025-11-28 17:30:00,3.05
2025-11-28 17:45:00,3.07
2025-11-28 18:00:00,1.34
2025-11-28 18:15:00,0.737
2025-11-28 18:30:00,0.697
2025-11-28 18:45:00,0.870
2025-11-28 19:00:00,0.979
2025-11-28 19:15:00,1.01
2025-11-28 19:30:00,0.913
2025-11-28 19:45:00,0.934
2025-11-28 20:00:00,0.979
2025-11-28 20:15:00,0.926
2025-11-28 20:30:00,0.835
2025-11-28 20:45:00,0.796
2025-11-28 21:00:00,0.885
2025-11-28 21:15:00,0.969
2025-11-28 21:30:00,0.917
2025-11-28 21:45:00,0.896
2025-11-28 22:00:00,0.874
2025-11-28 22:15:00,0.811
2025-11-28 22:30:00,0.820
2025-11-28 22:45:00,0.995
2025-11-28 23:00:00,0.839
2025-11-28 23:15:00,0.872
2025-11-28 23:30:00,0.967
2025-11-28 23:45:00,0.851
2025-11-29 00:00:00,0.904
2025-11-29 00:15:00,0.799
2025-11-29 00:30:00,0.858
2025-11-29 00:45:00,0.824
2025-11-29 01:00:00,0.791
2025-11-29 01:15:00,0.825
2025-11-29 01:30:00,0.900
2025-11-29 01:45:00,0.920
2025-11-29 02:00:00,0.938
2025-11-29 02:15:00,0.846
2025-11-29 02:30:00,0.884
2025-11-29 02:45:00,0.958
2025-11-29 03:00:00,0.853
2025-11-29 03:15:00,0.868
2025-11-29 03:30:00,0.953
2025-11-29 03:45:00,1.01
2025-11-29 04:00:00,0.985
2025-11-29 04:15:00,0.912
2025-11-29 04:30:00,0.894
2025-11-29 04:45:00,0.842
2025-11-29 05:00:00,0.896
2025-11-29 05:15:00,0.836
2025-11-29 05:30:00,0.802
2025-11-29 05:45:00,0.787
2025-11-29 06:00:00,0.857
2025-11-29 06:15:00,0.730
2025-11-29 06:30:00,0.753
2025-11-29 06:45:00,0.863
2025-11-29 07:00:00,0.687
2025-11-29 07:15:00,0.628
2025-11-29 07:30:00,0.640
2025-11-29 07:45:00,0.722
2025-11-29 08:00:00,0.716
2025-11-29 08:15:00,0.776
2025-11-29 08:30:00,0.651
2025-11-29 08:45:00,0.661
2025-11-29 09:00:00,0.576
2025-11-29 09:15:00,0.691
2025-11-29 09:30:00,0.595
2025-11-29 09:45:00,0.741
2025-11-29 10:00:00,0.730
2025-11-29 10:15:00,0.746
2025-11-29 10:30:00,0.691
2025-11-29 10:45:00,0.631
2025-11-29 11:00:00,0.774
2025-11-29 11:15:00,0.755
2025-11-29 11:30:00,0.741
2025-11-29 11:45:00,0.679
2025-11-29 12:00:00,0.825
2025-11-29 12:15:00,0.767
2025-11-29 12:30:00,0.822
2025-11-29 12:45:00,0.766
2025-11-29 13:00:00,0.747
2025-11-29 13:15:00,0.658
2025-11-29 13:30:00,0.753
2025-11-29 13:45:00,0.642
2025-11-29 14:00:00,0.794
2025-11-29 14:15:00,0.832
2025-11-29 14:30:00,0.842
2025-11-29 14:45:00,0.714
2025-11-29 15:00:00,0.792
2025-11-29 15:15:00,0.671
2025-11-29 15:30:00,0.731
2025-11-29 15:45:00,0.597
2025-11-29 16:00:00,0.687
2025-11-29 16:15:00,0.685
2025-11-29 16:30:00,0.783
2025-11-29 16:45:00,0.674
2025-11-29 17:00:00,0.807
2025-11-29 17:15:00,0.593
2025-11-29 17:30:00,0.680
2025-11-29 17:45:00,0.588
2025-11-29 18:00:00,0.669
2025-11-29 18:15:00,0.696
2025-11-29 18:30:00,0.812
2025-11-29 18:45:00,0.756
2025-11-29 19:00:00,0.997
2025-11-29 19:15:00,0.781
2025-11-29 19:30:00,0.823
2025-11-29 19:45:00,0.814
2025-11-29 20:00:00,0.844
2025-11-29 20:15:00,0.806
2025-11-29 20:30:00,0.939
2025-11-29 20:45:00,0.940
2025-11-29 21:00:00,1.01
2025-11-29 21:15:00,0.950
2025-11-29 21:30:00,0.907
2025-11-29 21:45:00,0.847
2025-11-29 22:00:00,0.916
2025-11-29 22:15:00,0.846
2025-11-29 22:30:00,0.974
2025-11-29 22:45:00,1.10
2025-11-29 23:00:00,1.10
2025-11-29 23:15:00,0.885
2025-11-29 23:30:00,0.926
2025-11-29 23:45:00,0.821
2025-11-30 00:00:00,0.917
2025-11-30 00:15:00,0.836
2025-11-30 00:30:00,0.891
2025-11-30 00:45:00,0.899
2025-11-30 01:00:00,0.937
2025-11-30 01:15:00,0.873
2025-11-30 01:30:00,0.814
2025-11-30 01:45:00,0.803
2025-11-30 02:00:00,0.853
2025-11-30 02:15:00,0.811
2025-11-30 02:30:00,0.786
2025-11-30 02:45:00,1.000
2025-11-30 03:00:00,1.01
2025-11-30 03:15:00,0.940
2025-11-30 03:30:00,0.791
2025-11-30 03:45:00,0.872
2025-11-30 04:00:00,0.756
2025-11-30 04:15:00,0.845
2025-11-30 04:30:00,0.759
2025-11-30 04:45:00,0.902
2025-11-30 05:00:00,0.886
2025-11-30 05:15:00,0.892
2025-11-30 05:30:00,0.787
2025-11-30 05:45:00,0.686
2025-11-30 06:00:00,0.708
2025-11-30 06:15:00,0.651
2025-11-30 06:30:00,0.674
2025-11-30 06:45:00,0.654
2025-11-30 07:00:00,0.925
2025-11-30 07:15:00,0.916
2025-11-30 07:30:00,0.804
2025-11-30 07:45:00,0.687
2025-11-30 08:00:00,0.681
2025-11-30 08:15:00,0.709
2025-11-30 08:30:00,0.663
2025-11-30 08:45:00,0.769
2025-11-30 09:00:00,0.711
2025-11-30 09:15:00,0.793
2025-11-30 09:30:00,0.828
2025-11-30 09:45:00,0.762
2025-11-30 10:00:00,0.690
2025-11-30 10:15:00,0.696
2025-11-30 10:30:00,0.736
2025-11-30 10:45:00,0.690
2025-11-30 11:00:00,0.607
2025-11-30 11:15:00,0.671
2025-11-30 11:30:00,0.851
2025-11-30 11:45:00,0.749
2025-11-30 12:00:00,0.737
2025-11-30 12:15:00,0.570
2025-11-30 12:30:00,0.690
2025-11-30 12:45:00,0.586
2025-11-30 13:00:00,0.666
2025-11-30 13:15:00,0.665
2025-11-30 13:30:00,0.784
2025-11-30 13:45:00,0.700
2025-11-30 14:00:00,0.744
2025-11-30 14:15:00,0.615
2025-11-30 14:30:00,0.644
2025-11-30 14:45:00,0.707
2025-11-30 15:00:00,0.672
2025-11-30 15:15:00,0.709
2025-11-30 15:30:00,0.747
2025-11-30 15:45:00,0.951
2025-11-30 16:00:00,0.784
2025-11-30 16:15:00,0.866
2025-11-30 16:30:00,0.644
2025-11-30 16:45:00,0.739
2025-11-30 17:00:00,0.685
2025-11-30 17:15:00,0.724
2025-11-30 17:30:00,0.660
2025-11-30 17:45:00,0.869
2025-11-30 18:00:00,0.747
2025-11-30 18:15:00,0.811
2025-11-30 18:30:00,0.726
2025-11-30 18:45:00,0.787
2025-11-30 19:00:00,0.771
2025-11-30 19:15:00,0.835
2025-11-30 19:30:00,0.800
2025-11-30 19:45:00,1.02
2025-11-30 20:00:00,1.05
2025-11-30 20:15:00,0.891
2025-11-30 20:30:00,0.890
2025-11-30 20:45:00,0.806
2025-11-30 21:00:00,0.840
2025-11-30 21:15:00,0.758
2025-11-30 21:30:00,0.829
2025-11-30 21:45:00,0.781
2025-11-30 22:00:00,0.948
2025-11-30 22:15:00,0.874
2025-11-30 22:30:00,0.984
2025-11-30 22:45:00,0.766
2025-11-30 23:00:00,0.829
2025-11-30 23:15:00,0.770
2025-11-30 23:30:00,0.826
2025-11-30 23:45:00,0.778

